timestamp,New ECG Sample
0.0,-7
0.001,2
0.002,-16
0.003,0
0.004,2
0.005,-13
0.006,1
0.007,9
0.008,2
0.009,-10
0.01,-9
0.011,2
0.012,-7
0.013,-9
0.014,6
0.015,15
0.016,7
0.017,-4
0.018,3
0.019,1
0.02,2
0.021,5
0.022,0
0.023,17
0.024,12
0.025,-1
0.026,-3
0.027,4
0.028,0
0.029,6
0.03,6
0.031,1
0.032,7
0.033,-1
0.034,7
0.035,4
0.036,7
0.037,0
0.038,-1
0.039,-1
0.04,-4
0.041,10
0.042,7
0.043,9
0.044,-1
0.045,7
0.046,7
0.047,2
0.048,8
0.049,10
0.05,1
0.051,8
0.052,-3
0.053,0
0.054,2
0.055,8
0.056,-4
0.057,-3
0.058,-4
0.059,12
0.06,0
0.061,13
0.062,15
0.063,11
0.064,12
0.065,-1
0.066,3
0.067,11
0.068,-3
0.069,2
0.07,9
0.071,0
0.072,0
0.073,4
0.074,5
0.075,3
0.076,3
0.077,6
0.078,7
0.079,-4
0.08,13
0.081,6
0.082,6
0.083,6
0.084,5
0.085,1
0.086,5
0.087,-19
0.088,19
0.089,14
0.09,11
0.091,13
0.092,15
0.093,7
0.094,4
0.095,-1
0.096,-2
0.097,-9
0.098,2
0.099,16
0.1,-5
0.101,8
0.102,6
0.103,5
0.104,10
0.105,2
0.106,15
0.107,31
0.108,0
0.109,13
0.11,9
0.111,5
0.112,6
0.113,6
0.114,5
0.115,1
0.116,11
0.117,7
0.118,13
0.119,13
0.12,13
0.121,2
0.122,-1
0.123,12
0.124,4
0.125,14
0.126,2
0.127,6
0.128,0
0.129,17
0.13,4
0.131,11
0.132,15
0.133,23
0.134,9
0.135,14
0.136,8
0.137,4
0.138,0
0.139,14
0.14,12
0.141,13
0.142,12
0.143,9
0.144,16
0.145,11
0.146,5
0.147,2
0.148,8
0.149,6
0.15,3
0.151,25
0.152,21
0.153,11
0.154,10
0.155,29
0.156,22
0.157,20
0.158,13
0.159,16
0.16,20
0.161,7
0.162,19
0.163,19
0.164,9
0.165,11
0.166,10
0.167,6
0.168,8
0.169,14
0.17,19
0.171,18
0.172,17
0.173,17
0.174,-1
0.175,17
0.176,21
0.177,13
0.178,24
0.179,8
0.18,17
0.181,13
0.182,-1
0.183,12
0.184,4
0.185,5
0.186,28
0.187,13
0.188,11
0.189,19
0.19,23
0.191,22
0.192,9
0.193,22
0.194,20
0.195,17
0.196,13
0.197,10
0.198,23
0.199,22
0.2,18
0.201,19
0.202,20
0.203,17
0.204,18
0.205,17
0.206,10
0.207,12
0.208,14
0.209,10
0.21,18
0.211,16
0.212,11
0.213,11
0.214,7
0.215,10
0.216,10
0.217,19
0.218,5
0.219,14
0.22,20
0.221,15
0.222,22
0.223,20
0.224,21
0.225,22
0.226,19
0.227,20
0.228,27
0.229,17
0.23,12
0.231,13
0.232,13
0.233,13
0.234,12
0.235,11
0.236,13
0.237,18
0.238,8
0.239,17
0.24,29
0.241,30
0.242,24
0.243,9
0.244,11
0.245,29
0.246,27
0.247,20
0.248,30
0.249,30
0.25,37
0.251,33
0.252,39
0.253,42
0.254,40
0.255,48
0.256,50
0.257,46
0.258,49
0.259,67
0.26,57
0.261,61
0.262,77
0.263,82
0.264,69
0.265,78
0.266,77
0.267,83
0.268,67
0.269,101
0.27,83
0.271,88
0.272,76
0.273,97
0.274,94
0.275,102
0.276,109
0.277,89
0.278,101
0.279,95
0.28,95
0.281,109
0.282,94
0.283,115
0.284,105
0.285,109
0.286,123
0.287,125
0.288,116
0.289,122
0.29,121
0.291,122
0.292,125
0.293,131
0.294,133
0.295,113
0.296,122
0.297,114
0.298,124
0.299,133
0.3,125
0.301,117
0.302,116
0.303,128
0.304,102
0.305,123
0.306,114
0.307,117
0.308,117
0.309,107
0.31,107
0.311,107
0.312,109
0.313,108
0.314,98
0.315,107
0.316,114
0.317,104
0.318,105
0.319,105
0.32,89
0.321,96
0.322,93
0.323,90
0.324,80
0.325,84
0.326,63
0.327,77
0.328,73
0.329,68
0.33,80
0.331,61
0.332,74
0.333,66
0.334,60
0.335,47
0.336,60
0.337,66
0.338,51
0.339,46
0.34,32
0.341,46
0.342,32
0.343,43
0.344,23
0.345,27
0.346,27
0.347,24
0.348,27
0.349,23
0.35,14
0.351,20
0.352,12
0.353,23
0.354,29
0.355,20
0.356,14
0.357,17
0.358,26
0.359,20
0.36,15
0.361,17
0.362,29
0.363,28
0.364,30
0.365,25
0.366,21
0.367,17
0.368,32
0.369,15
0.37,21
0.371,10
0.372,13
0.373,16
0.374,14
0.375,14
0.376,27
0.377,14
0.378,16
0.379,16
0.38,28
0.381,21
0.382,24
0.383,22
0.384,20
0.385,21
0.386,14
0.387,21
0.388,23
0.389,16
0.39,24
0.391,32
0.392,14
0.393,19
0.394,29
0.395,34
0.396,32
0.397,32
0.398,30
0.399,29
0.4,21
0.401,24
0.402,22
0.403,21
0.404,28
0.405,18
0.406,17
0.407,9
0.408,26
0.409,15
0.41,14
0.411,22
0.412,28
0.413,22
0.414,16
0.415,37
0.416,32
0.417,20
0.418,30
0.419,35
0.42,23
0.421,31
0.422,18
0.423,18
0.424,19
0.425,38
0.426,33
0.427,24
0.428,27
0.429,26
0.43,24
0.431,24
0.432,24
0.433,19
0.434,24
0.435,25
0.436,24
0.437,33
0.438,21
0.439,27
0.44,23
0.441,32
0.442,31
0.443,34
0.444,32
0.445,37
0.446,31
0.447,33
0.448,29
0.449,35
0.45,29
0.451,17
0.452,24
0.453,1
0.454,2
0.455,-5
0.456,0
0.457,-6
0.458,-20
0.459,-18
0.46,-29
0.461,-47
0.462,-46
0.463,-62
0.464,-84
0.465,-75
0.466,-77
0.467,-86
0.468,-103
0.469,-108
0.47,-103
0.471,-111
0.472,-106
0.473,-95
0.474,-87
0.475,-90
0.476,-67
0.477,-52
0.478,-35
0.479,-19
0.48,0
0.481,24
0.482,54
0.483,87
0.484,109
0.485,142
0.486,176
0.487,210
0.488,240
0.489,273
0.49,320
0.491,365
0.492,378
0.493,431
0.494,456
0.495,503
0.496,535
0.497,564
0.498,593
0.499,617
0.5,649
0.501,671
0.502,699
0.503,701
0.504,708
0.505,717
0.506,724
0.507,736
0.508,730
0.509,712
0.51,701
0.511,694
0.512,673
0.513,641
0.514,625
0.515,603
0.516,569
0.517,527
0.518,501
0.519,469
0.52,435
0.521,399
0.522,360
0.523,330
0.524,306
0.525,262
0.526,229
0.527,197
0.528,170
0.529,141
0.53,109
0.531,86
0.532,70
0.533,51
0.534,27
0.535,1
0.536,-4
0.537,-10
0.538,-30
0.539,-45
0.54,-47
0.541,-43
0.542,-42
0.543,-60
0.544,-62
0.545,-66
0.546,-54
0.547,-54
0.548,-46
0.549,-41
0.55,-50
0.551,-45
0.552,-41
0.553,-33
0.554,-20
0.555,-25
0.556,1
0.557,-4
0.558,0
0.559,0
0.56,-3
0.561,19
0.562,12
0.563,25
0.564,14
0.565,11
0.566,6
0.567,26
0.568,17
0.569,19
0.57,32
0.571,23
0.572,25
0.573,28
0.574,17
0.575,27
0.576,13
0.577,13
0.578,34
0.579,7
0.58,22
0.581,19
0.582,11
0.583,22
0.584,20
0.585,22
0.586,9
0.587,14
0.588,21
0.589,21
0.59,21
0.591,13
0.592,7
0.593,14
0.594,11
0.595,13
0.596,12
0.597,14
0.598,27
0.599,18
0.6,24
0.601,19
0.602,17
0.603,15
0.604,13
0.605,22
0.606,6
0.607,24
0.608,21
0.609,22
0.61,19
0.611,13
0.612,31
0.613,10
0.614,20
0.615,12
0.616,15
0.617,9
0.618,16
0.619,19
0.62,22
0.621,21
0.622,19
0.623,38
0.624,29
0.625,22
0.626,23
0.627,17
0.628,19
0.629,16
0.63,19
0.631,20
0.632,12
0.633,22
0.634,14
0.635,16
0.636,26
0.637,19
0.638,29
0.639,28
0.64,18
0.641,8
0.642,13
0.643,26
0.644,21
0.645,31
0.646,24
0.647,25
0.648,27
0.649,14
0.65,37
0.651,16
0.652,28
0.653,10
0.654,31
0.655,22
0.656,22
0.657,28
0.658,21
0.659,24
0.66,22
0.661,33
0.662,20
0.663,17
0.664,16
0.665,24
0.666,24
0.667,20
0.668,23
0.669,28
0.67,21
0.671,23
0.672,17
0.673,37
0.674,26
0.675,11
0.676,15
0.677,27
0.678,26
0.679,27
0.68,21
0.681,18
0.682,18
0.683,20
0.684,25
0.685,15
0.686,27
0.687,22
0.688,31
0.689,25
0.69,23
0.691,33
0.692,27
0.693,31
0.694,21
0.695,26
0.696,23
0.697,23
0.698,20
0.699,16
0.7,44
0.701,26
0.702,28
0.703,29
0.704,19
0.705,22
0.706,26
0.707,16
0.708,20
0.709,25
0.71,27
0.711,10
0.712,28
0.713,21
0.714,18
0.715,31
0.716,21
0.717,33
0.718,14
0.719,37
0.72,22
0.721,33
0.722,18
0.723,38
0.724,50
0.725,19
0.726,29
0.727,39
0.728,46
0.729,39
0.73,39
0.731,39
0.732,60
0.733,62
0.734,59
0.735,60
0.736,58
0.737,53
0.738,68
0.739,61
0.74,84
0.741,86
0.742,87
0.743,73
0.744,89
0.745,87
0.746,94
0.747,95
0.748,95
0.749,104
0.75,113
0.751,110
0.752,111
0.753,107
0.754,126
0.755,120
0.756,129
0.757,132
0.758,126
0.759,130
0.76,138
0.761,138
0.762,148
0.763,142
0.764,133
0.765,151
0.766,159
0.767,150
0.768,144
0.769,157
0.77,155
0.771,165
0.772,167
0.773,168
0.774,172
0.775,173
0.776,175
0.777,173
0.778,180
0.779,180
0.78,193
0.781,188
0.782,185
0.783,194
0.784,189
0.785,188
0.786,186
0.787,187
0.788,202
0.789,204
0.79,209
0.791,209
0.792,201
0.793,196
0.794,214
0.795,208
0.796,219
0.797,221
0.798,216
0.799,233
0.8,213
0.801,222
0.802,206
0.803,236
0.804,213
0.805,218
0.806,231
0.807,241
0.808,220
0.809,220
0.81,238
0.811,227
0.812,229
0.813,228
0.814,227
0.815,236
0.816,241
0.817,239
0.818,230
0.819,249
0.82,243
0.821,241
0.822,246
0.823,241
0.824,235
0.825,227
0.826,241
0.827,242
0.828,238
0.829,243
0.83,237
0.831,230
0.832,252
0.833,239
0.834,231
0.835,238
0.836,231
0.837,228
0.838,227
0.839,229
0.84,235
0.841,225
0.842,223
0.843,225
0.844,226
0.845,226
0.846,233
0.847,214
0.848,223
0.849,227
0.85,232
0.851,222
0.852,229
0.853,223
0.854,209
0.855,218
0.856,206
0.857,201
0.858,214
0.859,210
0.86,199
0.861,193
0.862,194
0.863,191
0.864,195
0.865,194
0.866,192
0.867,186
0.868,199
0.869,196
0.87,186
0.871,185
0.872,180
0.873,177
0.874,168
0.875,177
0.876,171
0.877,165
0.878,155
0.879,148
0.88,157
0.881,152
0.882,144
0.883,153
0.884,154
0.885,140
0.886,143
0.887,127
0.888,134
0.889,132
0.89,124
0.891,128
0.892,131
0.893,124
0.894,125
0.895,120
0.896,129
0.897,133
0.898,115
0.899,109
0.9,116
0.901,95
0.902,90
0.903,84
0.904,84
0.905,86
0.906,90
0.907,78
0.908,77
0.909,76
0.91,75
0.911,78
0.912,73
0.913,59
0.914,67
0.915,55
0.916,60
0.917,53
0.918,39
0.919,47
0.92,48
0.921,44
0.922,41
0.923,45
0.924,28
0.925,34
0.926,20
0.927,28
0.928,23
0.929,11
0.93,26
0.931,18
0.932,23
0.933,16
0.934,3
0.935,10
0.936,21
0.937,20
0.938,10
0.939,5
0.94,10
0.941,11
0.942,4
0.943,10
0.944,20
0.945,4
0.946,20
0.947,8
0.948,10
0.949,12
0.95,-5
0.951,10
0.952,10
0.953,15
0.954,-1
0.955,12
0.956,5
0.957,7
0.958,12
0.959,17
0.96,6
0.961,22
0.962,11
0.963,6
0.964,10
0.965,15
0.966,14
0.967,14
0.968,18
0.969,9
0.97,-1
0.971,17
0.972,11
0.973,15
0.974,11
0.975,4
0.976,10
0.977,3
0.978,6
0.979,16
0.98,18
0.981,8
0.982,8
0.983,14
0.984,1
0.985,19
0.986,11
0.987,15
0.988,17
0.989,6
0.99,14
0.991,12
0.992,10
0.993,35
0.994,7
0.995,13
0.996,9
0.997,17
0.998,10
0.999,11
1.0,4
1.001,3
1.002,-2
1.003,0
1.004,4
1.005,10
1.006,-13
1.007,2
1.008,2
1.009,10
1.01,9
1.011,8
1.012,16
1.013,24
1.014,22
1.015,23
1.016,27
1.017,33
1.018,42
1.019,45
1.02,44
1.021,53
1.022,48
1.023,41
1.024,47
1.025,38
1.026,33
1.027,32
1.028,28
1.029,18
1.03,34
1.031,-2
1.032,20
1.033,20
1.034,29
1.035,10
1.036,24
1.037,21
1.038,14
1.039,23
1.04,21
1.041,20
1.042,14
1.043,29
1.044,47
1.045,40
1.046,27
1.047,26
1.048,21
1.049,27
1.05,33
1.051,38
1.052,35
1.053,35
1.054,35
1.055,34
1.056,45
1.057,40
1.058,51
1.059,44
1.06,45
1.061,51
1.062,51
1.063,58
1.064,59
1.065,63
1.066,54
1.067,53
1.068,63
1.069,64
1.07,57
1.071,66
1.072,59
1.073,45
1.074,40
1.075,25
1.076,35
1.077,34
1.078,18
1.079,15
1.08,24
1.081,19
1.082,30
1.083,25
1.084,27
1.085,16
1.086,26
1.087,21
1.088,26
1.089,17
1.09,29
1.091,25
1.092,21
1.093,34
1.094,11
1.095,9
1.096,-1
1.097,22
1.098,5
1.099,2
1.1,7
1.101,7
1.102,2
1.103,6
1.104,6
1.105,17
1.106,15
1.107,21
1.108,23
1.109,31
1.11,37
1.111,46
1.112,40
1.113,49
1.114,56
1.115,61
1.116,68
1.117,66
1.118,61
1.119,62
1.12,53
1.121,65
1.122,52
1.123,45
1.124,42
1.125,32
1.126,47
1.127,29
1.128,33
1.129,34
1.13,33
1.131,19
1.132,34
1.133,29
1.134,20
1.135,26
1.136,34
1.137,28
1.138,41
1.139,42
1.14,38
1.141,33
1.142,44
1.143,24
1.144,41
1.145,46
1.146,40
1.147,41
1.148,34
1.149,33
1.15,33
1.151,33
1.152,33
1.153,25
1.154,45
1.155,30
1.156,40
1.157,42
1.158,43
1.159,51
1.16,59
1.161,43
1.162,57
1.163,57
1.164,54
1.165,68
1.166,65
1.167,57
1.168,59
1.169,51
1.17,54
1.171,40
1.172,50
1.173,40
1.174,50
1.175,43
1.176,54
1.177,47
1.178,45
1.179,61
1.18,62
1.181,63
1.182,73
1.183,85
1.184,87
1.185,82
1.186,87
1.187,89
1.188,108
1.189,106
1.19,109
1.191,109
1.192,102
1.193,86
1.194,95
1.195,94
1.196,106
1.197,92
1.198,102
1.199,87
1.2,93
1.201,99
1.202,83
1.203,77
1.204,91
1.205,99
1.206,93
1.207,94
1.208,99
1.209,83
1.21,81
1.211,81
1.212,104
1.213,82
1.214,90
1.215,77
1.216,79
1.217,87
1.218,68
1.219,77
1.22,64
1.221,67
1.222,76
1.223,77
1.224,73
1.225,78
1.226,78
1.227,76
1.228,75
1.229,73
1.23,73
1.231,71
1.232,79
1.233,72
1.234,78
1.235,74
1.236,63
1.237,51
1.238,53
1.239,44
1.24,39
1.241,32
1.242,24
1.243,24
1.244,10
1.245,7
1.246,9
1.247,4
1.248,8
1.249,15
1.25,13
1.251,18
1.252,29
1.253,25
1.254,31
1.255,37
1.256,37
1.257,55
1.258,52
1.259,48
1.26,47
1.261,47
1.262,45
1.263,40
1.264,26
1.265,34
1.266,18
1.267,17
1.268,7
1.269,9
1.27,-2
1.271,-1
1.272,-11
1.273,4
1.274,-5
1.275,5
1.276,0
1.277,1
1.278,12
1.279,0
1.28,1
1.281,10
1.282,26
1.283,29
1.284,34
1.285,16
1.286,26
1.287,23
1.288,21
1.289,27
1.29,13
1.291,28
1.292,20
1.293,15
1.294,21
1.295,26
1.296,11
1.297,15
1.298,24
1.299,23
1.3,24
1.301,17
1.302,25
1.303,21
1.304,26
1.305,43
1.306,30
1.307,37
1.308,35
1.309,37
1.31,35
1.311,35
1.312,45
1.313,35
1.314,43
1.315,48
1.316,63
1.317,67
1.318,51
1.319,54
1.32,58
1.321,59
1.322,58
1.323,60
1.324,64
1.325,67
1.326,63
1.327,69
1.328,60
1.329,69
1.33,50
1.331,45
1.332,44
1.333,42
1.334,51
1.335,43
1.336,50
1.337,49
1.338,49
1.339,52
1.34,63
1.341,72
1.342,87
1.343,90
1.344,111
1.345,129
1.346,135
1.347,146
1.348,180
1.349,186
1.35,203
1.351,224
1.352,229
1.353,241
1.354,264
1.355,260
1.356,269
1.357,279
1.358,283
1.359,274
1.36,277
1.361,294
1.362,289
1.363,276
1.364,271
1.365,257
1.366,254
1.367,237
1.368,232
1.369,213
1.37,210
1.371,203
1.372,175
1.373,172
1.374,132
1.375,140
1.376,120
1.377,82
1.378,67
1.379,48
1.38,20
1.381,13
1.382,-28
1.383,-37
1.384,-59
1.385,-63
1.386,-87
1.387,-100
1.388,-107
1.389,-119
1.39,-129
1.391,-130
1.392,-124
1.393,-125
1.394,-113
1.395,-122
1.396,-99
1.397,-99
1.398,-90
1.399,-91
1.4,-90
1.401,-66
1.402,-66
1.403,-49
1.404,-49
1.405,-42
1.406,-15
1.407,-24
1.408,-14
1.409,-4
1.41,2
1.411,11
1.412,11
1.413,26
1.414,27
1.415,42
1.416,49
1.417,52
1.418,65
1.419,77
1.42,90
1.421,84
1.422,92
1.423,92
1.424,107
1.425,112
1.426,99
1.427,128
1.428,101
1.429,90
1.43,103
1.431,78
1.432,99
1.433,87
1.434,64
1.435,73
1.436,68
1.437,74
1.438,68
1.439,67
1.44,74
1.441,71
1.442,86
1.443,90
1.444,93
1.445,92
1.446,105
1.447,108
1.448,103
1.449,92
1.45,106
1.451,106
1.452,103
1.453,97
1.454,96
1.455,99
1.456,85
1.457,76
1.458,79
1.459,76
1.46,67
1.461,70
1.462,69
1.463,45
1.464,51
1.465,52
1.466,38
1.467,49
1.468,43
1.469,46
1.47,49
1.471,44
1.472,55
1.473,54
1.474,31
1.475,39
1.476,36
1.477,36
1.478,37
1.479,35
1.48,37
1.481,37
1.482,27
1.483,35
1.484,31
1.485,41
1.486,41
1.487,47
1.488,54
1.489,60
1.49,68
1.491,72
1.492,72
1.493,89
1.494,92
1.495,88
1.496,98
1.497,80
1.498,92
1.499,108
1.5,97
1.501,93
1.502,92
1.503,84
1.504,74
1.505,91
1.506,85
1.507,69
1.508,67
1.509,64
1.51,75
1.511,55
1.512,60
1.513,56
1.514,56
1.515,61
1.516,63
1.517,70
1.518,64
1.519,60
1.52,69
1.521,73
1.522,71
1.523,69
1.524,75
1.525,83
1.526,80
1.527,77
1.528,72
1.529,78
1.53,85
1.531,90
1.532,77
1.533,79
1.534,83
1.535,95
1.536,89
1.537,90
1.538,86
1.539,104
1.54,100
1.541,105
1.542,102
1.543,108
1.544,109
1.545,116
1.546,117
1.547,123
1.548,118
1.549,126
1.55,118
1.551,104
1.552,114
1.553,118
1.554,121
1.555,116
1.556,105
1.557,110
1.558,115
1.559,115
1.56,109
1.561,101
1.562,112
1.563,119
1.564,127
1.565,109
1.566,117
1.567,98
1.568,107
1.569,99
1.57,105
1.571,92
1.572,96
1.573,90
1.574,85
1.575,79
1.576,80
1.577,79
1.578,82
1.579,76
1.58,78
1.581,86
1.582,87
1.583,93
1.584,100
1.585,101
1.586,111
1.587,119
1.588,119
1.589,114
1.59,120
1.591,137
1.592,145
1.593,138
1.594,149
1.595,144
1.596,139
1.597,133
1.598,140
1.599,151
1.6,121
1.601,138
1.602,134
1.603,139
1.604,146
1.605,152
1.606,146
1.607,146
1.608,155
1.609,143
1.61,166
1.611,155
1.612,163
1.613,176
1.614,172
1.615,180
1.616,181
1.617,185
1.618,177
1.619,177
1.62,183
1.621,171
1.622,173
1.623,167
1.624,167
1.625,154
1.626,162
1.627,161
1.628,149
1.629,164
1.63,163
1.631,158
1.632,172
1.633,168
1.634,162
1.635,165
1.636,179
1.637,167
1.638,179
1.639,186
1.64,185
1.641,191
1.642,189
1.643,198
1.644,186
1.645,174
1.646,184
1.647,183
1.648,172
1.649,171
1.65,174
1.651,168
1.652,164
1.653,174
1.654,167
1.655,170
1.656,168
1.657,168
1.658,173
1.659,183
1.66,187
1.661,199
1.662,193
1.663,201
1.664,205
1.665,197
1.666,208
1.667,214
1.668,225
1.669,214
1.67,224
1.671,210
1.672,227
1.673,223
1.674,217
1.675,220
1.676,235
1.677,229
1.678,238
1.679,238
1.68,242
1.681,253
1.682,254
1.683,261
1.684,259
1.685,263
1.686,278
1.687,271
1.688,275
1.689,273
1.69,281
1.691,282
1.692,279
1.693,290
1.694,274
1.695,272
1.696,264
1.697,263
1.698,269
1.699,267
1.7,288
1.701,274
1.702,270
1.703,284
1.704,273
1.705,264
1.706,280
1.707,288
1.708,288
1.709,293
1.71,286
1.711,289
1.712,293
1.713,295
1.714,294
1.715,285
1.716,285
1.717,279
1.718,289
1.719,281
1.72,269
1.721,269
1.722,263
1.723,263
1.724,277
1.725,266
1.726,254
1.727,271
1.728,281
1.729,279
1.73,266
1.731,274
1.732,269
1.733,274
1.734,290
1.735,269
1.736,270
1.737,252
1.738,253
1.739,243
1.74,243
1.741,241
1.742,216
1.743,220
1.744,216
1.745,201
1.746,200
1.747,202
1.748,186
1.749,191
1.75,187
1.751,195
1.752,194
1.753,182
1.754,177
1.755,175
1.756,181
1.757,189
1.758,178
1.759,190
1.76,171
1.761,184
1.762,172
1.763,175
1.764,164
1.765,167
1.766,154
1.767,147
1.768,151
1.769,138
1.77,141
1.771,129
1.772,122
1.773,118
1.774,114
1.775,116
1.776,103
1.777,109
1.778,96
1.779,93
1.78,88
1.781,86
1.782,86
1.783,84
1.784,73
1.785,76
1.786,55
1.787,61
1.788,59
1.789,44
1.79,46
1.791,29
1.792,33
1.793,24
1.794,12
1.795,10
1.796,2
1.797,15
1.798,23
1.799,17
1.8,28
1.801,31
1.802,19
1.803,29
1.804,32
1.805,29
1.806,30
1.807,38
1.808,34
1.809,23
1.81,35
1.811,21
1.812,26
1.813,19
1.814,9
1.815,16
1.816,15
1.817,20
1.818,13
1.819,8
1.82,6
1.821,8
1.822,13
1.823,22
1.824,17
1.825,15
1.826,16
1.827,20
1.828,28
1.829,34
1.83,18
1.831,18
1.832,22
1.833,14
1.834,8
1.835,10
1.836,3
1.837,-1
1.838,-8
1.839,-9
1.84,3
1.841,-4
1.842,-8
1.843,-14
1.844,-13
1.845,-16
1.846,-20
1.847,-15
1.848,0
1.849,6
1.85,3
1.851,8
1.852,-12
1.853,11
1.854,18
1.855,11
1.856,20
1.857,11
1.858,13
1.859,17
1.86,5
1.861,-4
1.862,-7
1.863,-11
1.864,-5
1.865,-9
1.866,-14
1.867,-7
1.868,-12
1.869,-11
1.87,-3
1.871,-21
1.872,0
1.873,-15
1.874,0
1.875,-6
1.876,-3
1.877,-1
1.878,1
1.879,16
1.88,2
1.881,-1
1.882,-3
1.883,1
1.884,-7
1.885,-1
1.886,-10
1.887,-16
1.888,-9
1.889,-19
1.89,-34
1.891,-26
1.892,-24
1.893,-19
1.894,-14
1.895,-24
1.896,-20
1.897,-38
1.898,-16
1.899,-22
1.9,-36
1.901,-27
1.902,-15
1.903,-26
1.904,-24
1.905,-28
1.906,-33
1.907,-22
1.908,-27
1.909,-27
1.91,-7
1.911,-11
1.912,-14
1.913,1
1.914,17
1.915,33
1.916,39
1.917,47
1.918,49
1.919,66
1.92,70
1.921,56
1.922,70
1.923,66
1.924,58
1.925,35
1.926,35
1.927,13
1.928,8
1.929,-3
1.93,-16
1.931,-33
1.932,-30
1.933,-31
1.934,-33
1.935,-53
1.936,-34
1.937,-45
1.938,-43
1.939,-40
1.94,-32
1.941,-32
1.942,-22
1.943,-38
1.944,-30
1.945,-34
1.946,-20
1.947,-23
1.948,-19
1.949,-28
1.95,-16
1.951,-18
1.952,-15
1.953,-8
1.954,9
1.955,-12
1.956,-4
1.957,8
1.958,1
1.959,20
1.96,16
1.961,22
1.962,24
1.963,3
1.964,19
1.965,14
1.966,15
1.967,-6
1.968,15
1.969,3
1.97,0
1.971,0
1.972,-2
1.973,0
1.974,-10
1.975,3
1.976,-11
1.977,-6
1.978,8
1.979,0
1.98,6
1.981,7
1.982,5
1.983,10
1.984,2
1.985,3
1.986,-13
1.987,-23
1.988,-31
1.989,-30
1.99,-27
1.991,-26
1.992,-14
1.993,-30
1.994,-22
1.995,-12
1.996,-1
1.997,5
1.998,27
1.999,30
2.0,55
2.001,70
2.002,76
2.003,72
2.004,84
2.005,93
2.006,92
2.007,81
2.008,91
2.009,73
2.01,59
2.011,53
2.012,45
2.013,29
2.014,12
2.015,11
2.016,-5
2.017,-13
2.018,-23
2.019,-17
2.02,-25
2.021,-17
2.022,-17
2.023,-16
2.024,-29
2.025,-21
2.026,-3
2.027,-16
2.028,0
2.029,15
2.03,-7
2.031,-4
2.032,-4
2.033,-6
2.034,-9
2.035,-12
2.036,-17
2.037,-8
2.038,-18
2.039,-21
2.04,-22
2.041,-24
2.042,-29
2.043,-24
2.044,-29
2.045,-21
2.046,-33
2.047,-21
2.048,-14
2.049,-7
2.05,-22
2.051,-9
2.052,3
2.053,6
2.054,1
2.055,8
2.056,4
2.057,16
2.058,31
2.059,30
2.06,46
2.061,47
2.062,52
2.063,55
2.064,59
2.065,62
2.066,55
2.067,62
2.068,63
2.069,45
2.07,33
2.071,35
2.072,19
2.073,-10
2.074,-13
2.075,-20
2.076,-37
2.077,-41
2.078,-58
2.079,-63
2.08,-54
2.081,-61
2.082,-61
2.083,-41
2.084,-51
2.085,-43
2.086,-38
2.087,-33
2.088,-31
2.089,-6
2.09,-17
2.091,-4
2.092,-4
2.093,-7
2.094,-13
2.095,-6
2.096,-19
2.097,-11
2.098,-19
2.099,-24
2.1,-25
2.101,-24
2.102,-20
2.103,-25
2.104,-12
2.105,-14
2.106,-5
2.107,15
2.108,18
2.109,26
2.11,44
2.111,38
2.112,62
2.113,59
2.114,68
2.115,63
2.116,73
2.117,74
2.118,63
2.119,68
2.12,66
2.121,64
2.122,74
2.123,52
2.124,59
2.125,56
2.126,43
2.127,49
2.128,42
2.129,35
2.13,39
2.131,31
2.132,26
2.133,11
2.134,8
2.135,-2
2.136,-6
2.137,0
2.138,-25
2.139,-34
2.14,-26
2.141,-17
2.142,-25
2.143,-22
2.144,-18
2.145,-15
2.146,-3
2.147,1
2.148,10
2.149,23
2.15,39
2.151,45
2.152,45
2.153,67
2.154,74
2.155,68
2.156,71
2.157,70
2.158,54
2.159,43
2.16,41
2.161,31
2.162,15
2.163,16
2.164,-8
2.165,-8
2.166,-9
2.167,-7
2.168,-8
2.169,10
2.17,15
2.171,31
2.172,43
2.173,45
2.174,59
2.175,72
2.176,85
2.177,83
2.178,99
2.179,100
2.18,111
2.181,107
2.182,101
2.183,105
2.184,112
2.185,119
2.186,113
2.187,119
2.188,114
2.189,128
2.19,124
2.191,137
2.192,122
2.193,132
2.194,128
2.195,126
2.196,138
2.197,124
2.198,124
2.199,104
2.2,119
2.201,108
2.202,97
2.203,82
2.204,75
2.205,71
2.206,41
2.207,47
2.208,44
2.209,38
2.21,32
2.211,34
2.212,29
2.213,38
2.214,39
2.215,38
2.216,36
2.217,42
2.218,51
2.219,43
2.22,61
2.221,59
2.222,48
2.223,53
2.224,58
2.225,63
2.226,50
2.227,59
2.228,53
2.229,47
2.23,38
2.231,42
2.232,36
2.233,36
2.234,29
2.235,26
2.236,42
2.237,37
2.238,22
2.239,27
2.24,12
2.241,1
2.242,15
2.243,6
2.244,0
2.245,3
2.246,13
2.247,7
2.248,9
2.249,6
2.25,21
2.251,17
2.252,25
2.253,17
2.254,26
2.255,17
2.256,25
2.257,30
2.258,28
2.259,28
2.26,14
2.261,15
2.262,13
2.263,5
2.264,-1
2.265,-17
2.266,-19
2.267,-21
2.268,-42
2.269,-42
2.27,-34
2.271,-33
2.272,-35
2.273,-30
2.274,-25
2.275,-13
2.276,-5
2.277,2
2.278,3
2.279,25
2.28,27
2.281,28
2.282,40
2.283,31
2.284,36
2.285,35
2.286,32
2.287,35
2.288,26
2.289,24
2.29,22
2.291,33
2.292,32
2.293,31
2.294,36
2.295,39
2.296,32
2.297,24
2.298,32
2.299,39
2.3,44
2.301,28
2.302,34
2.303,14
2.304,30
2.305,1
2.306,-8
2.307,-17
2.308,-27
2.309,-42
2.31,-42
2.311,-36
2.312,-45
2.313,-41
2.314,-44
2.315,-38
2.316,-40
2.317,-22
2.318,-15
2.319,-5
2.32,-2
2.321,24
2.322,34
2.323,32
2.324,39
2.325,49
2.326,60
2.327,63
2.328,67
2.329,58
2.33,62
2.331,43
2.332,61
2.333,59
2.334,43
2.335,42
2.336,40
2.337,48
2.338,49
2.339,40
2.34,36
2.341,49
2.342,42
2.343,47
2.344,57
2.345,67
2.346,45
2.347,58
2.348,69
2.349,49
2.35,60
2.351,53
2.352,70
2.353,80
2.354,71
2.355,72
2.356,78
2.357,81
2.358,83
2.359,112
2.36,106
2.361,133
2.362,131
2.363,153
2.364,161
2.365,180
2.366,183
2.367,205
2.368,216
2.369,227
2.37,242
2.371,246
2.372,269
2.373,288
2.374,303
2.375,339
2.376,378
2.377,397
2.378,434
2.379,468
2.38,522
2.381,544
2.382,568
2.383,612
2.384,647
2.385,667
2.386,684
2.387,694
2.388,699
2.389,716
2.39,695
2.391,672
2.392,647
2.393,619
2.394,588
2.395,538
2.396,503
2.397,463
2.398,418
2.399,372
2.4,321
2.401,288
2.402,238
2.403,181
2.404,153
2.405,119
2.406,84
2.407,63
2.408,36
2.409,9
2.41,-11
2.411,-17
2.412,-49
2.413,-53
2.414,-57
2.415,-77
2.416,-87
2.417,-75
2.418,-77
2.419,-87
2.42,-78
2.421,-85
2.422,-70
2.423,-73
2.424,-62
2.425,-46
2.426,-64
2.427,-53
2.428,-45
2.429,-51
2.43,-46
2.431,-45
2.432,-31
2.433,-50
2.434,-58
2.435,-54
2.436,-42
2.437,-53
2.438,-54
2.439,-45
2.44,-55
2.441,-43
2.442,-40
2.443,-33
2.444,-21
2.445,-6
2.446,8
2.447,22
2.448,24
2.449,44
2.45,46
2.451,47
2.452,50
2.453,54
2.454,62
2.455,77
2.456,69
2.457,71
2.458,65
2.459,50
2.46,58
2.461,54
2.462,48
2.463,51
2.464,45
2.465,48
2.466,41
2.467,37
2.468,50
2.469,27
2.47,38
2.471,43
2.472,51
2.473,38
2.474,57
2.475,41
2.476,42
2.477,45
2.478,41
2.479,45
2.48,46
2.481,42
2.482,55
2.483,45
2.484,58
2.485,65
2.486,56
2.487,57
2.488,67
2.489,72
2.49,63
2.491,82
2.492,73
2.493,88
2.494,66
2.495,64
2.496,67
2.497,60
2.498,48
2.499,45
2.5,47
2.501,42
2.502,44
2.503,34
2.504,48
2.505,39
2.506,46
2.507,40
2.508,47
2.509,49
2.51,51
2.511,60
2.512,70
2.513,68
2.514,68
2.515,56
2.516,63
2.517,55
2.518,46
2.519,55
2.52,34
2.521,43
2.522,27
2.523,27
2.524,18
2.525,37
2.526,39
2.527,31
2.528,40
2.529,40
2.53,45
2.531,55
2.532,72
2.533,80
2.534,79
2.535,86
2.536,95
2.537,97
2.538,87
2.539,86
2.54,89
2.541,90
2.542,85
2.543,81
2.544,88
2.545,64
2.546,62
2.547,71
2.548,72
2.549,71
2.55,72
2.551,66
2.552,76
2.553,79
2.554,86
2.555,71
2.556,84
2.557,82
2.558,79
2.559,80
2.56,67
2.561,65
2.562,71
2.563,87
2.564,73
2.565,81
2.566,83
2.567,84
2.568,80
2.569,106
2.57,109
2.571,112
2.572,119
2.573,136
2.574,144
2.575,161
2.576,154
2.577,171
2.578,165
2.579,165
2.58,160
2.581,165
2.582,165
2.583,157
2.584,162
2.585,149
2.586,148
2.587,145
2.588,149
2.589,132
2.59,132
2.591,136
2.592,135
2.593,147
2.594,154
2.595,160
2.596,162
2.597,174
2.598,185
2.599,170
2.6,192
2.601,183
2.602,181
2.603,194
2.604,183
2.605,177
2.606,187
2.607,188
2.608,171
2.609,168
2.61,171
2.611,139
2.612,149
2.613,145
2.614,137
2.615,141
2.616,123
2.617,131
2.618,147
2.619,141
2.62,142
2.621,145
2.622,136
2.623,136
2.624,136
2.625,134
2.626,136
2.627,147
2.628,152
2.629,155
2.63,156
2.631,157
2.632,169
2.633,176
2.634,192
2.635,198
2.636,199
2.637,214
2.638,231
2.639,225
2.64,244
2.641,252
2.642,240
2.643,246
2.644,240
2.645,248
2.646,253
2.647,255
2.648,245
2.649,257
2.65,261
2.651,253
2.652,247
2.653,259
2.654,272
2.655,275
2.656,280
2.657,296
2.658,294
2.659,313
2.66,309
2.661,305
2.662,320
2.663,329
2.664,318
2.665,316
2.666,310
2.667,287
2.668,298
2.669,280
2.67,267
2.671,273
2.672,250
2.673,248
2.674,239
2.675,227
2.676,218
2.677,207
2.678,220
2.679,216
2.68,209
2.681,207
2.682,212
2.683,219
2.684,232
2.685,223
2.686,222
2.687,224
2.688,228
2.689,221
2.69,220
2.691,222
2.692,210
2.693,200
2.694,203
2.695,205
2.696,207
2.697,195
2.698,187
2.699,194
2.7,195
2.701,194
2.702,197
2.703,185
2.704,201
2.705,190
2.706,181
2.707,178
2.708,170
2.709,168
2.71,155
2.711,141
2.712,136
2.713,131
2.714,112
2.715,88
2.716,103
2.717,79
2.718,58
2.719,49
2.72,53
2.721,41
2.722,41
2.723,25
2.724,37
2.725,26
2.726,35
2.727,45
2.728,36
2.729,37
2.73,39
2.731,37
2.732,44
2.733,40
2.734,36
2.735,37
2.736,37
2.737,32
2.738,37
2.739,31
2.74,34
2.741,30
2.742,19
2.743,21
2.744,29
2.745,1
2.746,7
2.747,-16
2.748,-8
2.749,-19
2.75,-22
2.751,-32
2.752,-41
2.753,-50
2.754,-47
2.755,-60
2.756,-54
2.757,-71
2.758,-62
2.759,-67
2.76,-61
2.761,-55
2.762,-56
2.763,-44
2.764,-43
2.765,-27
2.766,-33
2.767,-21
2.768,-7
2.769,-14
2.77,-23
2.771,-25
2.772,-16
2.773,-22
2.774,-19
2.775,-25
2.776,-43
2.777,-41
2.778,-46
2.779,-47
2.78,-44
2.781,-49
2.782,-40
2.783,-39
2.784,-35
2.785,-29
2.786,-18
2.787,-25
2.788,-9
2.789,0
2.79,8
2.791,3
2.792,-4
2.793,6
2.794,3
2.795,-8
2.796,-22
2.797,-25
2.798,-30
2.799,-46
2.8,-48
2.801,-52
2.802,-66
2.803,-66
2.804,-63
2.805,-59
2.806,-60
2.807,-63
2.808,-50
2.809,-42
2.81,-40
2.811,-24
2.812,-17
2.813,-16
2.814,-17
2.815,-13
2.816,-15
2.817,-10
2.818,-19
2.819,-26
2.82,-25
2.821,-38
2.822,-35
2.823,-38
2.824,-43
2.825,-38
2.826,-45
2.827,-35
2.828,-43
2.829,-35
2.83,-38
2.831,-41
2.832,-26
2.833,-47
2.834,-34
2.835,-54
2.836,-75
2.837,-50
2.838,-75
2.839,-68
2.84,-78
2.841,-74
2.842,-82
2.843,-96
2.844,-84
2.845,-85
2.846,-75
2.847,-74
2.848,-67
2.849,-48
2.85,-42
2.851,-31
2.852,-22
2.853,-17
2.854,-6
2.855,0
2.856,11
2.857,10
2.858,25
2.859,20
2.86,20
2.861,18
2.862,10
2.863,13
2.864,11
2.865,9
2.866,19
2.867,10
2.868,16
2.869,11
2.87,10
2.871,21
2.872,0
2.873,20
2.874,17
2.875,6
2.876,4
2.877,-1
2.878,4
2.879,7
2.88,-14
2.881,-14
2.882,-8
2.883,-14
2.884,-21
2.885,-4
2.886,-14
2.887,-4
2.888,-20
2.889,-12
2.89,-12
2.891,2
2.892,-2
2.893,9
2.894,17
2.895,-7
2.896,4
2.897,-4
2.898,-16
2.899,-9
2.9,-6
2.901,-18
2.902,0
2.903,0
2.904,16
2.905,8
2.906,14
2.907,18
2.908,15
2.909,-3
2.91,-9
2.911,-16
2.912,-16
2.913,-26
2.914,-45
2.915,-64
2.916,-68
2.917,-76
2.918,-98
2.919,-112
2.92,-116
2.921,-128
2.922,-127
2.923,-120
2.924,-139
2.925,-119
2.926,-118
2.927,-98
2.928,-94
2.929,-71
2.93,-88
2.931,-83
2.932,-75
2.933,-70
2.934,-65
2.935,-64
2.936,-65
2.937,-62
2.938,-57
2.939,-57
2.94,-53
2.941,-43
2.942,-43
2.943,-46
2.944,-22
2.945,-31
2.946,-22
2.947,-21
2.948,-20
2.949,-9
2.95,-3
2.951,-3
2.952,1
2.953,-11
2.954,-5
2.955,-1
2.956,-3
2.957,3
2.958,1
2.959,-4
2.96,-16
2.961,-16
2.962,-23
2.963,-32
2.964,-57
2.965,-46
2.966,-70
2.967,-66
2.968,-83
2.969,-91
2.97,-89
2.971,-88
2.972,-91
2.973,-86
2.974,-89
2.975,-82
2.976,-62
2.977,-60
2.978,-60
2.979,-31
2.98,-30
2.981,-28
2.982,-8
2.983,-5
2.984,-3
2.985,3
2.986,1
2.987,-3
2.988,9
2.989,-7
2.99,5
2.991,-2
2.992,7
2.993,9
2.994,16
2.995,4
2.996,-18
2.997,0
2.998,-4
2.999,-10
3.0,-16
3.001,-20
3.002,-23
3.003,-42
3.004,-46
3.005,-38
3.006,-48
3.007,-41
3.008,-39
3.009,-39
3.01,-21
3.011,-10
3.012,14
3.013,23
3.014,46
3.015,43
3.016,69
3.017,77
3.018,80
3.019,74
3.02,60
3.021,51
3.022,24
3.023,23
3.024,-13
3.025,-34
3.026,-52
3.027,-60
3.028,-91
3.029,-98
3.03,-99
3.031,-128
3.032,-121
3.033,-127
3.034,-119
3.035,-105
3.036,-93
3.037,-88
3.038,-79
3.039,-60
3.04,-59
3.041,-56
3.042,-41
3.043,-20
3.044,-19
3.045,-12
3.046,-3
3.047,-6
3.048,-3
3.049,-1
3.05,9
3.051,5
3.052,0
3.053,-2
3.054,-6
3.055,-17
3.056,-21
3.057,-29
3.058,-33
3.059,-41
3.06,-55
3.061,-61
3.062,-69
3.063,-79
3.064,-81
3.065,-69
3.066,-76
3.067,-60
3.068,-65
3.069,-55
3.07,-34
3.071,-24
3.072,-21
3.073,-6
3.074,-7
3.075,-5
3.076,5
3.077,11
3.078,-6
3.079,-6
3.08,-3
3.081,-15
3.082,-14
3.083,-25
3.084,-48
3.085,-58
3.086,-58
3.087,-56
3.088,-65
3.089,-61
3.09,-72
3.091,-72
3.092,-68
3.093,-75
3.094,-58
3.095,-59
3.096,-46
3.097,-43
3.098,-30
3.099,-11
3.1,-7
3.101,1
3.102,7
3.103,8
3.104,33
3.105,13
3.106,30
3.107,12
3.108,20
3.109,7
3.11,-1
3.111,2
3.112,7
3.113,-17
3.114,-20
3.115,-32
3.116,-39
3.117,-29
3.118,-33
3.119,-45
3.12,-51
3.121,-47
3.122,-24
3.123,-29
3.124,-4
3.125,-10
3.126,6
3.127,13
3.128,25
3.129,28
3.13,27
3.131,31
3.132,27
3.133,32
3.134,22
3.135,16
3.136,9
3.137,-1
3.138,-7
3.139,-28
3.14,-28
3.141,-34
3.142,-29
3.143,-43
3.144,-36
3.145,-21
3.146,-18
3.147,-30
3.148,-26
3.149,-35
3.15,-33
3.151,-25
3.152,-28
3.153,-26
3.154,-31
3.155,-12
3.156,-26
3.157,-23
3.158,-14
3.159,0
3.16,20
3.161,20
3.162,37
3.163,56
3.164,51
3.165,60
3.166,64
3.167,77
3.168,83
3.169,86
3.17,78
3.171,74
3.172,69
3.173,50
3.174,39
3.175,53
3.176,23
3.177,22
3.178,21
3.179,22
3.18,23
3.181,25
3.182,36
3.183,30
3.184,46
3.185,38
3.186,37
3.187,46
3.188,63
3.189,51
3.19,74
3.191,64
3.192,81
3.193,70
3.194,64
3.195,80
3.196,78
3.197,77
3.198,46
3.199,62
3.2,55
3.201,49
3.202,42
3.203,25
3.204,12
3.205,3
3.206,4
3.207,-11
3.208,-16
3.209,-17
3.21,-30
3.211,-29
3.212,-29
3.213,-51
3.214,-33
3.215,-36
3.216,-26
3.217,-19
3.218,-18
3.219,-3
3.22,1
3.221,2
3.222,-9
3.223,0
3.224,-7
3.225,-23
3.226,3
3.227,-23
3.228,-22
3.229,-14
3.23,-13
3.231,-9
3.232,-8
3.233,0
3.234,5
3.235,11
3.236,13
3.237,16
3.238,9
3.239,13
3.24,-1
3.241,-8
3.242,-1
3.243,-24
3.244,-19
3.245,-38
3.246,-37
3.247,-25
3.248,-27
3.249,-32
3.25,-28
3.251,-35
3.252,-22
3.253,-16
3.254,-3
3.255,-3
3.256,9
3.257,18
3.258,15
3.259,-1
3.26,10
3.261,3
3.262,0
3.263,-13
3.264,-12
3.265,-31
3.266,-27
3.267,-26
3.268,-27
3.269,-18
3.27,-12
3.271,-2
3.272,9
3.273,0
3.274,7
3.275,13
3.276,5
3.277,0
3.278,2
3.279,1
3.28,-9
3.281,-8
3.282,-13
3.283,-19
3.284,-39
3.285,-33
3.286,-23
3.287,-26
3.288,-5
3.289,-7
3.29,7
3.291,2
3.292,1
3.293,-3
3.294,3
3.295,5
3.296,-5
3.297,-8
3.298,-16
3.299,-19
3.3,-23
3.301,-35
3.302,-49
3.303,-42
3.304,-31
3.305,-38
3.306,-36
3.307,-9
3.308,-3
3.309,-8
3.31,13
3.311,18
3.312,0
3.313,12
3.314,9
3.315,7
3.316,2
3.317,3
3.318,7
3.319,2
3.32,7
3.321,0
3.322,16
3.323,17
3.324,25
3.325,36
3.326,59
3.327,86
3.328,99
3.329,114
3.33,140
3.331,172
3.332,191
3.333,220
3.334,238
3.335,270
3.336,296
3.337,329
3.338,383
3.339,427
3.34,448
3.341,513
3.342,556
3.343,601
3.344,643
3.345,693
3.346,723
3.347,762
3.348,779
3.349,799
3.35,798
3.351,806
3.352,788
3.353,757
3.354,727
3.355,687
3.356,645
3.357,581
3.358,528
3.359,472
3.36,412
3.361,344
3.362,289
3.363,231
3.364,166
3.365,113
3.366,78
3.367,45
3.368,-7
3.369,-51
3.37,-65
3.371,-102
3.372,-122
3.373,-137
3.374,-141
3.375,-140
3.376,-145
3.377,-148
3.378,-141
3.379,-136
3.38,-113
3.381,-105
3.382,-87
3.383,-74
3.384,-80
3.385,-66
3.386,-53
3.387,-64
3.388,-40
3.389,-36
3.39,-51
3.391,-62
3.392,-58
3.393,-36
3.394,-47
3.395,-55
3.396,-43
3.397,-54
3.398,-42
3.399,-28
3.4,-31
3.401,-25
3.402,0
3.403,3
3.404,18
3.405,14
3.406,25
3.407,26
3.408,31
3.409,42
3.41,31
3.411,47
3.412,42
3.413,66
3.414,62
3.415,53
3.416,57
3.417,59
3.418,72
3.419,60
3.42,56
3.421,52
3.422,53
3.423,48
3.424,43
3.425,22
3.426,15
3.427,1
3.428,-23
3.429,-25
3.43,-33
3.431,-32
3.432,-28
3.433,-13
3.434,-31
3.435,-13
3.436,7
3.437,22
3.438,27
3.439,44
3.44,51
3.441,71
3.442,59
3.443,68
3.444,70
3.445,68
3.446,53
3.447,45
3.448,61
3.449,36
3.45,20
3.451,21
3.452,21
3.453,8
3.454,9
3.455,-2
3.456,1
3.457,8
3.458,16
3.459,12
3.46,22
3.461,19
3.462,22
3.463,31
3.464,21
3.465,28
3.466,26
3.467,37
3.468,45
3.469,52
3.47,54
3.471,69
3.472,70
3.473,94
3.474,98
3.475,106
3.476,109
3.477,126
3.478,137
3.479,131
3.48,126
3.481,131
3.482,113
3.483,118
3.484,122
3.485,101
3.486,97
3.487,86
3.488,77
3.489,83
3.49,83
3.491,89
3.492,86
3.493,79
3.494,96
3.495,106
3.496,106
3.497,104
3.498,111
3.499,112
3.5,101
3.501,118
3.502,119
3.503,109
3.504,133
3.505,134
3.506,129
3.507,135
3.508,134
3.509,155
3.51,178
3.511,160
3.512,166
3.513,163
3.514,176
3.515,179
3.516,172
3.517,169
3.518,152
3.519,146
3.52,150
3.521,138
3.522,120
3.523,118
3.524,117
3.525,101
3.526,108
3.527,112
3.528,108
3.529,108
3.53,118
3.531,122
3.532,130
3.533,118
3.534,123
3.535,127
3.536,134
3.537,130
3.538,143
3.539,147
3.54,155
3.541,159
3.542,160
3.543,166
3.544,178
3.545,185
3.546,179
3.547,183
3.548,194
3.549,201
3.55,208
3.551,204
3.552,200
3.553,199
3.554,203
3.555,207
3.556,195
3.557,187
3.558,178
3.559,176
3.56,174
3.561,181
3.562,172
3.563,183
3.564,173
3.565,175
3.566,185
3.567,215
3.568,202
3.569,214
3.57,227
3.571,220
3.572,215
3.573,211
3.574,227
3.575,222
3.576,226
3.577,231
3.578,229
3.579,249
3.58,234
3.581,244
3.582,244
3.583,261
3.584,263
3.585,262
3.586,264
3.587,263
3.588,263
3.589,265
3.59,250
3.591,244
3.592,242
3.593,231
3.594,223
3.595,228
3.596,234
3.597,232
3.598,240
3.599,240
3.6,265
3.601,278
3.602,298
3.603,295
3.604,308
3.605,313
3.606,316
3.607,313
3.608,322
3.609,311
3.61,301
3.611,289
3.612,273
3.613,271
3.614,240
3.615,239
3.616,223
3.617,218
3.618,203
3.619,199
3.62,194
3.621,189
3.622,179
3.623,161
3.624,157
3.625,156
3.626,132
3.627,123
3.628,116
3.629,107
3.63,92
3.631,77
3.632,74
3.633,58
3.634,54
3.635,51
3.636,46
3.637,50
3.638,45
3.639,26
3.64,28
3.641,26
3.642,10
3.643,23
3.644,14
3.645,13
3.646,-1
3.647,-1
3.648,-6
3.649,-15
3.65,-15
3.651,-23
3.652,-10
3.653,-15
3.654,-12
3.655,-9
3.656,-5
3.657,2
3.658,18
3.659,12
3.66,27
3.661,18
3.662,14
3.663,32
3.664,25
3.665,12
3.666,6
3.667,6
3.668,8
3.669,-28
3.67,-11
3.671,-22
3.672,-13
3.673,-28
3.674,-5
3.675,-7
3.676,3
3.677,-2
3.678,2
3.679,10
3.68,7
3.681,4
3.682,-13
3.683,3
3.684,-20
3.685,-16
3.686,-22
3.687,-34
3.688,-34
3.689,-35
3.69,-33
3.691,-47
3.692,-43
3.693,-50
3.694,-45
3.695,-52
3.696,-52
3.697,-56
3.698,-61
3.699,-65
3.7,-74
3.701,-82
3.702,-76
3.703,-90
3.704,-83
3.705,-84
3.706,-78
3.707,-72
3.708,-56
3.709,-52
3.71,-40
3.711,-18
3.712,-27
3.713,-16
3.714,-4
3.715,2
3.716,-11
3.717,7
3.718,-5
3.719,2
3.72,-21
3.721,-29
3.722,-23
3.723,-38
3.724,-36
3.725,-40
3.726,-37
3.727,-36
3.728,-25
3.729,-9
3.73,-12
3.731,-19
3.732,-4
3.733,-6
3.734,10
3.735,7
3.736,8
3.737,-2
3.738,-7
3.739,-15
3.74,-24
3.741,-18
3.742,-23
3.743,-51
3.744,-44
3.745,-49
3.746,-58
3.747,-59
3.748,-71
3.749,-62
3.75,-65
3.751,-73
3.752,-78
3.753,-94
3.754,-86
3.755,-88
3.756,-85
3.757,-89
3.758,-90
3.759,-102
3.76,-87
3.761,-81
3.762,-63
3.763,-55
3.764,-46
3.765,-33
3.766,-27
3.767,-6
3.768,1
3.769,15
3.77,14
3.771,13
3.772,10
3.773,25
3.774,28
3.775,18
3.776,17
3.777,23
3.778,16
3.779,39
3.78,17
3.781,24
3.782,43
3.783,27
3.784,31
3.785,36
3.786,43
3.787,23
3.788,27
3.789,32
3.79,30
3.791,18
3.792,17
3.793,-13
3.794,-3
3.795,-41
3.796,-30
3.797,-37
3.798,-35
3.799,-50
3.8,-35
3.801,-40
3.802,-42
3.803,-39
3.804,-23
3.805,-22
3.806,-24
3.807,-9
3.808,-10
3.809,4
3.81,10
3.811,4
3.812,6
3.813,-9
3.814,4
3.815,-3
3.816,-8
3.817,-4
3.818,3
3.819,15
3.82,15
3.821,12
3.822,26
3.823,16
3.824,20
3.825,3
3.826,1
3.827,9
3.828,-11
3.829,-8
3.83,-14
3.831,-12
3.832,-3
3.833,5
3.834,9
3.835,7
3.836,15
3.837,37
3.838,35
3.839,45
3.84,51
3.841,61
3.842,54
3.843,65
3.844,82
3.845,56
3.846,60
3.847,68
3.848,50
3.849,58
3.85,55
3.851,50
3.852,27
3.853,41
3.854,26
3.855,32
3.856,36
3.857,14
3.858,32
3.859,37
3.86,37
3.861,43
3.862,53
3.863,38
3.864,45
3.865,35
3.866,39
3.867,26
3.868,11
3.869,0
3.87,-1
3.871,5
3.872,-4
3.873,-5
3.874,7
3.875,10
3.876,18
3.877,34
3.878,39
3.879,38
3.88,54
3.881,65
3.882,72
3.883,84
3.884,99
3.885,88
3.886,107
3.887,105
3.888,111
3.889,109
3.89,112
3.891,118
3.892,114
3.893,104
3.894,109
3.895,111
3.896,90
3.897,93
3.898,77
3.899,65
3.9,62
3.901,58
3.902,53
3.903,48
3.904,53
3.905,54
3.906,68
3.907,68
3.908,83
3.909,96
3.91,106
3.911,115
3.912,117
3.913,126
3.914,114
3.915,119
3.916,123
3.917,101
3.918,108
3.919,108
3.92,102
3.921,92
3.922,100
3.923,103
3.924,93
3.925,98
3.926,101
3.927,94
3.928,95
3.929,88
3.93,81
3.931,71
3.932,65
3.933,61
3.934,62
3.935,40
3.936,48
3.937,44
3.938,24
3.939,40
3.94,39
3.941,34
3.942,53
3.943,52
3.944,72
3.945,79
3.946,95
3.947,103
3.948,123
3.949,137
3.95,133
3.951,117
3.952,128
3.953,132
3.954,112
3.955,116
3.956,107
3.957,95
3.958,97
3.959,86
3.96,81
3.961,70
3.962,74
3.963,67
3.964,65
3.965,72
3.966,72
3.967,71
3.968,78
3.969,80
3.97,84
3.971,98
3.972,112
3.973,119
3.974,121
3.975,125
3.976,131
3.977,135
3.978,144
3.979,132
3.98,148
3.981,141
3.982,141
3.983,141
3.984,120
3.985,117
3.986,120
3.987,110
3.988,94
3.989,89
3.99,77
3.991,68
3.992,72
3.993,61
3.994,54
3.995,45
3.996,49
3.997,45
3.998,55
3.999,47
4.0,35
4.001,47
4.002,35
4.003,50
4.004,44
4.005,46
4.006,63
4.007,71
4.008,87
4.009,64
4.01,76
4.011,90
4.012,78
4.013,84
4.014,84
4.015,70
4.016,71
4.017,63
4.018,63
4.019,69
4.02,68
4.021,60
4.022,60
4.023,64
4.024,58
4.025,66
4.026,52
4.027,48
4.028,65
4.029,50
4.03,47
4.031,57
4.032,57
4.033,39
4.034,40
4.035,46
4.036,50
4.037,45
4.038,41
4.039,36
4.04,36
4.041,39
4.042,30
4.043,34
4.044,19
4.045,13
4.046,29
4.047,9
4.048,34
4.049,30
4.05,48
4.051,65
4.052,68
4.053,75
4.054,95
4.055,113
4.056,126
4.057,125
4.058,119
4.059,129
4.06,112
4.061,109
4.062,105
4.063,74
4.064,58
4.065,51
4.066,36
4.067,23
4.068,26
4.069,30
4.07,18
4.071,22
4.072,32
4.073,36
4.074,47
4.075,39
4.076,36
4.077,32
4.078,38
4.079,37
4.08,41
4.081,26
4.082,26
4.083,41
4.084,48
4.085,44
4.086,60
4.087,56
4.088,71
4.089,77
4.09,76
4.091,81
4.092,74
4.093,73
4.094,90
4.095,76
4.096,74
4.097,71
4.098,73
4.099,78
4.1,75
4.101,80
4.102,83
4.103,80
4.104,93
4.105,94
4.106,95
4.107,91
4.108,83
4.109,83
4.11,71
4.111,77
4.112,62
4.113,84
4.114,76
4.115,85
4.116,74
4.117,65
4.118,83
4.119,87
4.12,71
4.121,62
4.122,77
4.123,74
4.124,72
4.125,70
4.126,92
4.127,91
4.128,69
4.129,86
4.13,99
4.131,87
4.132,88
4.133,71
4.134,73
4.135,66
4.136,53
4.137,61
4.138,64
4.139,66
4.14,80
4.141,90
4.142,113
4.143,116
4.144,112
4.145,133
4.146,124
4.147,135
4.148,130
4.149,120
4.15,112
4.151,114
4.152,100
4.153,98
4.154,94
4.155,82
4.156,81
4.157,91
4.158,76
4.159,86
4.16,79
4.161,88
4.162,96
4.163,105
4.164,102
4.165,122
4.166,118
4.167,135
4.168,137
4.169,138
4.17,138
4.171,150
4.172,142
4.173,156
4.174,155
4.175,166
4.176,154
4.177,156
4.178,173
4.179,177
4.18,187
4.181,189
4.182,199
4.183,206
4.184,207
4.185,198
4.186,192
4.187,188
4.188,183
4.189,168
4.19,175
4.191,157
4.192,145
4.193,148
4.194,139
4.195,134
4.196,128
4.197,118
4.198,112
4.199,124
4.2,124
4.201,139
4.202,151
4.203,151
4.204,159
4.205,166
4.206,163
4.207,169
4.208,166
4.209,160
4.21,158
4.211,156
4.212,136
4.213,109
4.214,105
4.215,74
4.216,75
4.217,56
4.218,50
4.219,44
4.22,47
4.221,50
4.222,49
4.223,43
4.224,64
4.225,48
4.226,31
4.227,39
4.228,32
4.229,17
4.23,6
4.231,-16
4.232,-33
4.233,-36
4.234,-50
4.235,-60
4.236,-44
4.237,-49
4.238,-40
4.239,-46
4.24,-42
4.241,-19
4.242,-3
4.243,-1
4.244,8
4.245,11
4.246,19
4.247,15
4.248,13
4.249,1
4.25,9
4.251,14
4.252,-2
4.253,4
4.254,-10
4.255,1
4.256,-10
4.257,-9
4.258,-9
4.259,-21
4.26,-31
4.261,-36
4.262,-28
4.263,-39
4.264,-38
4.265,-40
4.266,-50
4.267,-36
4.268,-29
4.269,-27
4.27,-12
4.271,-2
4.272,13
4.273,14
4.274,6
4.275,19
4.276,15
4.277,-3
4.278,4
4.279,2
4.28,13
4.281,21
4.282,32
4.283,60
4.284,70
4.285,117
4.286,149
4.287,188
4.288,228
4.289,287
4.29,325
4.291,384
4.292,421
4.293,479
4.294,518
4.295,547
4.296,558
4.297,563
4.298,551
4.299,525
4.3,502
4.301,450
4.302,391
4.303,345
4.304,277
4.305,216
4.306,162
4.307,121
4.308,85
4.309,58
4.31,39
4.311,23
4.312,7
4.313,-8
4.314,-9
4.315,-27
4.316,-27
4.317,-49
4.318,-57
4.319,-56
4.32,-66
4.321,-74
4.322,-80
4.323,-86
4.324,-72
4.325,-58
4.326,-39
4.327,-35
4.328,-21
4.329,-25
4.33,-20
4.331,-24
4.332,-8
4.333,-11
4.334,-4
4.335,-21
4.336,-37
4.337,-38
4.338,-38
4.339,-45
4.34,-51
4.341,-56
4.342,-60
4.343,-49
4.344,-39
4.345,-43
4.346,-46
4.347,-20
4.348,-16
4.349,-22
4.35,-15
4.351,0
4.352,3
4.353,7
4.354,1
4.355,-2
4.356,-4
4.357,-11
4.358,-19
4.359,-21
4.36,-15
4.361,-27
4.362,-16
4.363,-22
4.364,-29
4.365,-28
4.366,-28
4.367,-32
4.368,-21
4.369,-14
4.37,-1
4.371,-10
4.372,-8
4.373,-18
4.374,0
4.375,5
4.376,-2
4.377,-3
4.378,3
4.379,10
4.38,9
4.381,3
4.382,10
4.383,11
4.384,20
4.385,18
4.386,12
4.387,23
4.388,17
4.389,18
4.39,-3
4.391,6
4.392,0
4.393,2
4.394,-3
4.395,-2
4.396,-3
4.397,-4
4.398,-11
4.399,-1
4.4,-7
4.401,-15
4.402,4
4.403,-10
4.404,-13
4.405,-17
4.406,-24
4.407,-12
4.408,-18
4.409,-24
4.41,-30
4.411,-25
4.412,-43
4.413,-33
4.414,-29
4.415,-11
4.416,-19
4.417,-9
4.418,0
4.419,3
4.42,4
4.421,16
4.422,20
4.423,28
4.424,32
4.425,34
4.426,37
4.427,29
4.428,25
4.429,13
4.43,8
4.431,-1
4.432,-11
4.433,-22
4.434,-17
4.435,-15
4.436,-11
4.437,-6
4.438,0
4.439,19
4.44,26
4.441,42
4.442,36
4.443,55
4.444,63
4.445,63
4.446,69
4.447,66
4.448,71
4.449,73
4.45,68
4.451,72
4.452,77
4.453,78
4.454,94
4.455,98
4.456,107
4.457,98
4.458,100
4.459,86
4.46,89
4.461,72
4.462,71
4.463,75
4.464,59
4.465,79
4.466,52
4.467,71
4.468,66
4.469,67
4.47,74
4.471,62
4.472,60
4.473,58
4.474,51
4.475,58
4.476,46
4.477,33
4.478,41
4.479,37
4.48,34
4.481,37
4.482,26
4.483,41
4.484,39
4.485,51
4.486,59
4.487,65
4.488,78
4.489,94
4.49,108
4.491,109
4.492,118
4.493,118
4.494,131
4.495,107
4.496,113
4.497,102
4.498,90
4.499,73
4.5,72
4.501,60
4.502,59
4.503,65
4.504,49
4.505,66
4.506,65
4.507,79
4.508,76
4.509,91
4.51,92
4.511,93
4.512,96
4.513,101
4.514,91
4.515,90
4.516,81
4.517,75
4.518,90
4.519,81
4.52,96
4.521,97
4.522,98
4.523,99
4.524,107
4.525,106
4.526,115
4.527,121
4.528,129
4.529,115
4.53,121
4.531,104
4.532,105
4.533,95
4.534,87
4.535,89
4.536,87
4.537,93
4.538,79
4.539,94
4.54,93
4.541,101
4.542,99
4.543,108
4.544,103
4.545,110
4.546,120
4.547,124
4.548,123
4.549,109
4.55,109
4.551,108
4.552,111
4.553,106
4.554,116
4.555,104
4.556,104
4.557,89
4.558,103
4.559,96
4.56,60
4.561,51
4.562,35
4.563,22
4.564,16
4.565,-2
4.566,-8
4.567,-13
4.568,-19
4.569,-20
4.57,-23
4.571,-27
4.572,-16
4.573,-12
4.574,-13
4.575,9
4.576,6
4.577,24
4.578,24
4.579,7
4.58,16
4.581,8
4.582,-1
4.583,-9
4.584,-19
4.585,-35
4.586,-48
4.587,-48
4.588,-54
4.589,-63
4.59,-69
4.591,-68
4.592,-59
4.593,-56
4.594,-60
4.595,-45
4.596,-38
4.597,-44
4.598,-37
4.599,-32
4.6,-43
4.601,-48
4.602,-46
4.603,-49
4.604,-56
4.605,-51
4.606,-48
4.607,-54
4.608,-46
4.609,-43
4.61,-29
4.611,-32
4.612,-17
4.613,-23
4.614,-15
4.615,-12
4.616,-12
4.617,-5
4.618,5
4.619,0
4.62,12
4.621,4
4.622,12
4.623,-1
4.624,-3
4.625,-5
4.626,-11
4.627,-23
4.628,-35
4.629,-32
4.63,-51
4.631,-44
4.632,-61
4.633,-62
4.634,-72
4.635,-64
4.636,-57
4.637,-46
4.638,-41
4.639,-33
4.64,-19
4.641,-21
4.642,-17
4.643,-25
4.644,-15
4.645,-29
4.646,-12
4.647,-25
4.648,-30
4.649,-31
4.65,-45
4.651,-40
4.652,-35
4.653,-47
4.654,-45
4.655,-45
4.656,-49
4.657,-46
4.658,-31
4.659,-39
4.66,-45
4.661,-47
4.662,-29
4.663,-45
4.664,-37
4.665,-39
4.666,-36
4.667,-39
4.668,-46
4.669,-66
4.67,-58
4.671,-78
4.672,-71
4.673,-69
4.674,-75
4.675,-59
4.676,-48
4.677,-33
4.678,-9
4.679,2
4.68,14
4.681,24
4.682,55
4.683,51
4.684,55
4.685,62
4.686,64
4.687,54
4.688,56
4.689,41
4.69,34
4.691,27
4.692,-2
4.693,-4
4.694,-25
4.695,-33
4.696,-48
4.697,-53
4.698,-61
4.699,-60
4.7,-72
4.701,-69
4.702,-75
4.703,-88
4.704,-69
4.705,-69
4.706,-65
4.707,-54
4.708,-38
4.709,-14
4.71,-10
4.711,-5
4.712,-9
4.713,-1
4.714,10
4.715,-14
4.716,-8
4.717,-11
4.718,-7
4.719,-25
4.72,-27
4.721,-32
4.722,-43
4.723,-40
4.724,-18
4.725,-28
4.726,4
4.727,1
4.728,5
4.729,11
4.73,10
4.731,21
4.732,37
4.733,22
4.734,23
4.735,6
4.736,14
4.737,2
4.738,4
4.739,-14
4.74,-17
4.741,-26
4.742,-23
4.743,-31
4.744,-30
4.745,-37
4.746,-11
4.747,-33
4.748,-13
4.749,-6
4.75,-1
4.751,14
4.752,20
4.753,22
4.754,33
4.755,33
4.756,47
4.757,52
4.758,53
4.759,52
4.76,42
4.761,32
4.762,43
4.763,53
4.764,41
4.765,41
4.766,35
4.767,26
4.768,23
4.769,15
4.77,15
4.771,5
4.772,0
4.773,-6
4.774,-14
4.775,-13
4.776,-13
4.777,-7
4.778,-8
4.779,-7
4.78,-9
4.781,8
4.782,11
4.783,12
4.784,11
4.785,22
4.786,20
4.787,5
4.788,4
4.789,10
4.79,5
4.791,-15
4.792,5
4.793,-5
4.794,-13
4.795,9
4.796,3
4.797,3
4.798,10
4.799,20
4.8,27
4.801,44
4.802,18
4.803,19
4.804,32
4.805,18
4.806,12
4.807,10
4.808,14
4.809,11
4.81,7
4.811,-4
4.812,4
4.813,-2
4.814,4
4.815,15
4.816,13
4.817,23
4.818,33
4.819,13
4.82,25
4.821,27
4.822,27
4.823,12
4.824,6
4.825,4
4.826,-10
4.827,5
4.828,6
4.829,3
4.83,-2
4.831,6
4.832,23
4.833,19
4.834,16
4.835,19
4.836,25
4.837,18
4.838,22
4.839,12
4.84,18
4.841,19
4.842,13
4.843,1
4.844,-5
4.845,4
4.846,5
4.847,8
4.848,11
4.849,11
4.85,7
4.851,11
4.852,0
4.853,15
4.854,13
4.855,8
4.856,18
4.857,11
4.858,14
4.859,9
4.86,9
4.861,3
4.862,2
4.863,0
4.864,-6
4.865,-8
4.866,-12
4.867,-1
4.868,1
4.869,-1
4.87,-8
4.871,4
4.872,-2
4.873,9
4.874,0
4.875,-2
4.876,-12
4.877,-25
4.878,-22
4.879,-24
4.88,-28
4.881,-33
4.882,-24
4.883,-16
4.884,-19
4.885,-17
4.886,1
4.887,-2
4.888,13
4.889,12
4.89,15
4.891,12
4.892,13
4.893,18
4.894,4
4.895,19
4.896,10
4.897,9
4.898,7
4.899,3
4.9,2
4.901,7
4.902,8
4.903,8
4.904,8
4.905,7
4.906,11
4.907,16
4.908,18
4.909,-1
4.91,17
4.911,-1
4.912,4
4.913,-10
4.914,-2
4.915,-10
4.916,-7
4.917,8
4.918,4
4.919,-8
4.92,-4
4.921,7
4.922,7
4.923,11
4.924,11
4.925,9
4.926,2
4.927,0
4.928,0
4.929,-4
4.93,-6
4.931,-22
4.932,-15
4.933,-14
4.934,-8
4.935,-17
4.936,-9
4.937,-3
4.938,-4
4.939,7
4.94,25
4.941,12
4.942,10
4.943,11
4.944,16
4.945,10
4.946,2
4.947,7
4.948,-9
4.949,18
4.95,7
4.951,10
4.952,-1
4.953,-6
4.954,-7
4.955,19
4.956,17
4.957,9
4.958,15
4.959,31
4.96,32
4.961,31
4.962,36
4.963,32
4.964,31
4.965,29
4.966,28
4.967,22
4.968,17
4.969,14
4.97,13
4.971,14
4.972,9
4.973,20
4.974,31
4.975,25
4.976,10
4.977,19
4.978,3
4.979,22
4.98,9
4.981,-2
4.982,8
4.983,4
4.984,-11
4.985,-5
4.986,-10
4.987,1
4.988,1
4.989,4
4.99,3
4.991,28
4.992,21
4.993,19
4.994,14
4.995,19
4.996,17
4.997,17
4.998,11
4.999,8
5.0,10
5.001,0
5.002,2
5.003,10
5.004,12
5.005,9
5.006,10
5.007,16
5.008,16
5.009,30
5.01,42
5.011,36
5.012,30
5.013,44
5.014,28
5.015,32
5.016,21
5.017,13
5.018,-2
5.019,3
5.02,-8
5.021,-23
5.022,-27
5.023,-39
5.024,-46
5.025,-24
5.026,-38
5.027,-26
5.028,-5
5.029,-9
5.03,8
5.031,7
5.032,7
5.033,19
5.034,23
5.035,32
5.036,37
5.037,33
5.038,41
5.039,44
5.04,61
5.041,44
5.042,49
5.043,43
5.044,42
5.045,39
5.046,36
5.047,39
5.048,28
5.049,12
5.05,12
5.051,3
5.052,5
5.053,-17
5.054,-15
5.055,-19
5.056,-14
5.057,-23
5.058,-22
5.059,-8
5.06,5
5.061,13
5.062,13
5.063,22
5.064,30
5.065,44
5.066,40
5.067,23
5.068,32
5.069,17
5.07,27
5.071,9
5.072,13
5.073,19
5.074,5
5.075,9
5.076,16
5.077,11
5.078,10
5.079,24
5.08,26
5.081,26
5.082,28
5.083,22
5.084,23
5.085,16
5.086,17
5.087,18
5.088,8
5.089,21
5.09,18
5.091,21
5.092,29
5.093,32
5.094,48
5.095,31
5.096,49
5.097,56
5.098,64
5.099,67
5.1,79
5.101,78
5.102,69
5.103,68
5.104,42
5.105,52
5.106,55
5.107,40
5.108,34
5.109,27
5.11,25
5.111,30
5.112,33
5.113,20
5.114,47
5.115,31
5.116,37
5.117,51
5.118,45
5.119,51
5.12,55
5.121,55
5.122,61
5.123,80
5.124,83
5.125,76
5.126,81
5.127,83
5.128,98
5.129,107
5.13,105
5.131,126
5.132,129
5.133,111
5.134,120
5.135,122
5.136,113
5.137,95
5.138,81
5.139,82
5.14,80
5.141,58
5.142,65
5.143,53
5.144,60
5.145,60
5.146,58
5.147,60
5.148,64
5.149,69
5.15,77
5.151,78
5.152,71
5.153,80
5.154,61
5.155,55
5.156,42
5.157,34
5.158,22
5.159,32
5.16,6
5.161,14
5.162,17
5.163,9
5.164,9
5.165,16
5.166,18
5.167,12
5.168,29
5.169,33
5.17,37
5.171,21
5.172,18
5.173,25
5.174,9
5.175,-10
5.176,-3
5.177,-9
5.178,-12
5.179,-32
5.18,-35
5.181,-23
5.182,-23
5.183,-23
5.184,-27
5.185,-17
5.186,-25
5.187,-33
5.188,-29
5.189,-23
5.19,-34
5.191,-36
5.192,-35
5.193,-26
5.194,-29
5.195,-30
5.196,-31
5.197,-7
5.198,0
5.199,9
5.2,2
5.201,14
5.202,7
5.203,27
5.204,4
5.205,14
5.206,13
5.207,12
5.208,3
5.209,4
5.21,3
5.211,-1
5.212,-20
5.213,-19
5.214,-13
5.215,-3
5.216,-2
5.217,9
5.218,2
5.219,15
5.22,20
5.221,29
5.222,34
5.223,34
5.224,34
5.225,29
5.226,33
5.227,27
5.228,33
5.229,25
5.23,35
5.231,26
5.232,41
5.233,56
5.234,68
5.235,79
5.236,95
5.237,115
5.238,130
5.239,156
5.24,176
5.241,195
5.242,202
5.243,226
5.244,244
5.245,256
5.246,267
5.247,282
5.248,285
5.249,298
5.25,305
5.251,306
5.252,309
5.253,295
5.254,279
5.255,278
5.256,254
5.257,237
5.258,202
5.259,184
5.26,162
5.261,128
5.262,98
5.263,78
5.264,47
5.265,23
5.266,6
5.267,-5
5.268,-11
5.269,3
5.27,3
5.271,-2
5.272,-12
5.273,-1
5.274,2
5.275,9
5.276,8
5.277,5
5.278,9
5.279,-7
5.28,-5
5.281,-4
5.282,-16
5.283,-8
5.284,-9
5.285,4
5.286,5
5.287,21
5.288,26
5.289,35
5.29,35
5.291,49
5.292,62
5.293,67
5.294,51
5.295,58
5.296,54
5.297,56
5.298,54
5.299,47
5.3,41
5.301,36
5.302,37
5.303,36
5.304,35
5.305,37
5.306,49
5.307,44
5.308,48
5.309,40
5.31,37
5.311,38
5.312,40
5.313,44
5.314,30
5.315,31
5.316,39
5.317,31
5.318,43
5.319,32
5.32,29
5.321,21
5.322,33
5.323,24
5.324,29
5.325,36
5.326,30
5.327,19
5.328,22
5.329,22
5.33,19
5.331,17
5.332,13
5.333,17
5.334,11
5.335,20
5.336,19
5.337,24
5.338,30
5.339,37
5.34,55
5.341,37
5.342,57
5.343,49
5.344,50
5.345,49
5.346,42
5.347,37
5.348,27
5.349,19
5.35,33
5.351,13
5.352,6
5.353,-7
5.354,2
5.355,12
5.356,6
5.357,19
5.358,19
5.359,7
5.36,25
5.361,23
5.362,38
5.363,44
5.364,35
5.365,46
5.366,48
5.367,52
5.368,57
5.369,53
5.37,52
5.371,59
5.372,64
5.373,72
5.374,79
5.375,83
5.376,76
5.377,93
5.378,100
5.379,103
5.38,102
5.381,97
5.382,91
5.383,88
5.384,91
5.385,82
5.386,76
5.387,70
5.388,73
5.389,64
5.39,77
5.391,86
5.392,94
5.393,97
5.394,101
5.395,116
5.396,116
5.397,104
5.398,102
5.399,94
5.4,92
5.401,77
5.402,72
5.403,55
5.404,61
5.405,43
5.406,28
5.407,33
5.408,29
5.409,36
5.41,40
5.411,40
5.412,36
5.413,36
5.414,42
5.415,43
5.416,46
5.417,60
5.418,61
5.419,59
5.42,53
5.421,51
5.422,55
5.423,50
5.424,64
5.425,73
5.426,82
5.427,86
5.428,88
5.429,96
5.43,110
5.431,109
5.432,118
5.433,113
5.434,129
5.435,129
5.436,124
5.437,118
5.438,118
5.439,112
5.44,111
5.441,106
5.442,119
5.443,111
5.444,108
5.445,116
5.446,122
5.447,129
5.448,122
5.449,119
5.45,124
5.451,133
5.452,128
5.453,121
5.454,128
5.455,128
5.456,122
5.457,143
5.458,146
5.459,165
5.46,159
5.461,175
5.462,188
5.463,203
5.464,198
5.465,206
5.466,211
5.467,221
5.468,221
5.469,226
5.47,202
5.471,221
5.472,198
5.473,200
5.474,199
5.475,193
5.476,199
5.477,191
5.478,188
5.479,185
5.48,192
5.481,189
5.482,204
5.483,206
5.484,211
5.485,192
5.486,191
5.487,194
5.488,208
5.489,198
5.49,193
5.491,190
5.492,203
5.493,206
5.494,215
5.495,205
5.496,212
5.497,239
5.498,245
5.499,248
5.5,250
5.501,265
5.502,256
5.503,260
5.504,252
5.505,254
5.506,246
5.507,253
5.508,245
5.509,236
5.51,248
5.511,233
5.512,236
5.513,242
5.514,245
5.515,249
5.516,252
5.517,250
5.518,261
5.519,266
5.52,261
5.521,262
5.522,255
5.523,254
5.524,247
5.525,235
5.526,238
5.527,232
5.528,227
5.529,238
5.53,231
5.531,233
5.532,224
5.533,232
5.534,211
5.535,231
5.536,215
5.537,217
5.538,208
5.539,199
5.54,190
5.541,177
5.542,164
5.543,167
5.544,145
5.545,150
5.546,140
5.547,129
5.548,115
5.549,110
5.55,116
5.551,103
5.552,79
5.553,83
5.554,65
5.555,45
5.556,50
5.557,40
5.558,27
5.559,11
5.56,-5
5.561,11
5.562,-13
5.563,-17
5.564,-24
5.565,-21
5.566,-12
5.567,0
5.568,1
5.569,26
5.57,25
5.571,25
5.572,36
5.573,48
5.574,35
5.575,25
5.576,31
5.577,28
5.578,18
5.579,13
5.58,13
5.581,1
5.582,-8
5.583,-15
5.584,-6
5.585,-13
5.586,-8
5.587,-21
5.588,-8
5.589,-12
5.59,-23
5.591,-25
5.592,-34
5.593,-25
5.594,-27
5.595,-28
5.596,-32
5.597,-31
5.598,-34
5.599,-37
5.6,-32
5.601,-17
5.602,-8
5.603,0
5.604,-2
5.605,7
5.606,6
5.607,18
5.608,7
5.609,-1
5.61,-11
5.611,-2
5.612,-10
5.613,-26
5.614,-22
5.615,-27
5.616,-23
5.617,-35
5.618,-26
5.619,-20
5.62,-31
5.621,-29
5.622,-44
5.623,-35
5.624,-31
5.625,-28
5.626,-40
5.627,-48
5.628,-59
5.629,-63
5.63,-66
5.631,-65
5.632,-78
5.633,-71
5.634,-69
5.635,-68
5.636,-59
5.637,-42
5.638,-35
5.639,-44
5.64,-27
5.641,-24
5.642,-18
5.643,-19
5.644,-6
5.645,-12
5.646,-15
5.647,-13
5.648,-13
5.649,-18
5.65,-12
5.651,-15
5.652,-19
5.653,-20
5.654,-17
5.655,-10
5.656,-2
5.657,-7
5.658,-15
5.659,-5
5.66,-15
5.661,-15
5.662,-8
5.663,-26
5.664,-24
5.665,-19
5.666,-31
5.667,-23
5.668,-25
5.669,-21
5.67,-23
5.671,-18
5.672,-16
5.673,-17
5.674,2
5.675,5
5.676,7
5.677,-3
5.678,-12
5.679,-24
5.68,-10
5.681,-34
5.682,-32
5.683,-44
5.684,-45
5.685,-34
5.686,-51
5.687,-51
5.688,-53
5.689,-53
5.69,-38
5.691,-44
5.692,-33
5.693,-29
5.694,-13
5.695,-10
5.696,-22
5.697,-19
5.698,-21
5.699,-14
5.7,-14
5.701,-5
5.702,0
5.703,-7
5.704,-2
5.705,7
5.706,4
5.707,5
5.708,13
5.709,20
5.71,19
5.711,25
5.712,30
5.713,22
5.714,13
5.715,9
5.716,1
5.717,7
5.718,5
5.719,-5
5.72,-25
5.721,-21
5.722,-22
5.723,-26
5.724,-19
5.725,-23
5.726,-25
5.727,-10
5.728,-19
5.729,-19
5.73,-19
5.731,-33
5.732,-20
5.733,-20
5.734,-26
5.735,-30
5.736,-27
5.737,-31
5.738,-42
5.739,-32
5.74,-25
5.741,-40
5.742,-43
5.743,-36
5.744,-36
5.745,-51
5.746,-46
5.747,-42
5.748,-45
5.749,-41
5.75,-35
5.751,-37
5.752,-36
5.753,-36
5.754,-26
5.755,-21
5.756,-15
5.757,-24
5.758,-14
5.759,-30
5.76,-33
5.761,-20
5.762,-39
5.763,-49
5.764,-56
5.765,-55
5.766,-71
5.767,-80
5.768,-76
5.769,-90
5.77,-82
5.771,-85
5.772,-87
5.773,-88
5.774,-66
5.775,-69
5.776,-60
5.777,-39
5.778,-32
5.779,-1
5.78,4
5.781,24
5.782,29
5.783,40
5.784,60
5.785,61
5.786,60
5.787,81
5.788,76
5.789,76
5.79,63
5.791,65
5.792,52
5.793,42
5.794,25
5.795,25
5.796,0
5.797,0
5.798,-10
5.799,-22
5.8,-18
5.801,-25
5.802,-20
5.803,-15
5.804,-6
5.805,6
5.806,4
5.807,23
5.808,33
5.809,43
5.81,45
5.811,60
5.812,75
5.813,65
5.814,56
5.815,66
5.816,68
5.817,54
5.818,39
5.819,37
5.82,17
5.821,-4
5.822,-12
5.823,-27
5.824,-33
5.825,-46
5.826,-49
5.827,-63
5.828,-62
5.829,-80
5.83,-68
5.831,-75
5.832,-81
5.833,-67
5.834,-56
5.835,-62
5.836,-60
5.837,-56
5.838,-40
5.839,-44
5.84,-46
5.841,-45
5.842,-37
5.843,-30
5.844,-31
5.845,-39
5.846,-43
5.847,-45
5.848,-36
5.849,-29
5.85,-31
5.851,-37
5.852,-27
5.853,-29
5.854,-24
5.855,-26
5.856,-17
5.857,-18
5.858,-32
5.859,-9
5.86,-12
5.861,-12
5.862,-18
5.863,-17
5.864,-16
5.865,1
5.866,-3
5.867,-23
5.868,-25
5.869,-30
5.87,-24
5.871,-29
5.872,-27
5.873,-31
5.874,-31
5.875,-42
5.876,-42
5.877,-33
5.878,-40
5.879,-34
5.88,-39
5.881,-36
5.882,-27
5.883,-23
5.884,-27
5.885,-13
5.886,-2
5.887,1
5.888,4
5.889,23
5.89,23
5.891,32
5.892,22
5.893,41
5.894,40
5.895,37
5.896,31
5.897,37
5.898,40
5.899,39
5.9,42
5.901,28
5.902,36
5.903,35
5.904,23
5.905,17
5.906,5
5.907,15
5.908,1
5.909,12
5.91,9
5.911,2
5.912,1
5.913,-4
5.914,2
5.915,11
5.916,9
5.917,15
5.918,7
5.919,20
5.92,14
5.921,20
5.922,31
5.923,22
5.924,22
5.925,20
5.926,17
5.927,19
5.928,6
5.929,10
5.93,-6
5.931,-7
5.932,-14
5.933,-10
5.934,-23
5.935,-12
5.936,-28
5.937,-30
5.938,-36
5.939,-34
5.94,-28
5.941,-18
5.942,-23
5.943,-32
5.944,-20
5.945,-20
5.946,-12
5.947,-16
5.948,-13
5.949,-9
5.95,2
5.951,-4
5.952,13
5.953,6
5.954,3
5.955,6
5.956,11
5.957,12
5.958,-1
5.959,10
5.96,6
5.961,2
5.962,-8
5.963,-5
5.964,-13
5.965,-14
5.966,-20
5.967,-29
5.968,-30
5.969,-37
5.97,-30
5.971,-45
5.972,-40
5.973,-35
5.974,-28
5.975,-28
5.976,-32
5.977,-26
5.978,-15
5.979,-12
5.98,8
5.981,5
5.982,5
5.983,8
5.984,0
5.985,7
5.986,24
5.987,11
5.988,4
5.989,18
5.99,-11
5.991,-6
5.992,-14
5.993,-6
5.994,-16
5.995,3
5.996,-13
5.997,-26
5.998,-11
5.999,-10
6.0,3
6.001,10
6.002,19
6.003,19
6.004,34
6.005,40
6.006,55
6.007,46
6.008,47
6.009,54
6.01,53
6.011,63
6.012,63
6.013,55
6.014,46
6.015,42
6.016,32
6.017,34
6.018,31
6.019,31
6.02,11
6.021,9
6.022,11
6.023,12
6.024,-3
6.025,2
6.026,4
6.027,-16
6.028,5
6.029,3
6.03,4
6.031,1
6.032,3
6.033,5
6.034,22
6.035,17
6.036,21
6.037,27
6.038,32
6.039,39
6.04,46
6.041,47
6.042,47
6.043,61
6.044,63
6.045,59
6.046,78
6.047,93
6.048,81
6.049,77
6.05,99
6.051,105
6.052,103
6.053,101
6.054,102
6.055,104
6.056,102
6.057,98
6.058,85
6.059,68
6.06,76
6.061,62
6.062,50
6.063,40
6.064,37
6.065,25
6.066,12
6.067,3
6.068,-4
6.069,-19
6.07,-26
6.071,-36
6.072,-32
6.073,-41
6.074,-39
6.075,-48
6.076,-45
6.077,-48
6.078,-49
6.079,-36
6.08,-32
6.081,-36
6.082,-32
6.083,-37
6.084,-36
6.085,-34
6.086,-41
6.087,-40
6.088,-39
6.089,-32
6.09,-19
6.091,-27
6.092,-27
6.093,-20
6.094,-13
6.095,-12
6.096,-11
6.097,-17
6.098,-23
6.099,-10
6.1,-9
6.101,-10
6.102,-9
6.103,-17
6.104,-30
6.105,-17
6.106,-20
6.107,-24
6.108,-22
6.109,-21
6.11,-22
6.111,-16
6.112,-26
6.113,-12
6.114,-18
6.115,-17
6.116,-15
6.117,0
6.118,-6
6.119,0
6.12,-6
6.121,10
6.122,12
6.123,13
6.124,10
6.125,21
6.126,19
6.127,13
6.128,6
6.129,24
6.13,17
6.131,3
6.132,-3
6.133,2
6.134,-8
6.135,-18
6.136,-10
6.137,-28
6.138,-28
6.139,-31
6.14,-20
6.141,-27
6.142,-18
6.143,-24
6.144,-12
6.145,-8
6.146,-8
6.147,-11
6.148,-1
6.149,10
6.15,11
6.151,16
6.152,12
6.153,15
6.154,19
6.155,12
6.156,26
6.157,19
6.158,25
6.159,21
6.16,17
6.161,15
6.162,6
6.163,7
6.164,2
6.165,9
6.166,-7
6.167,-17
6.168,-22
6.169,-49
6.17,-53
6.171,-45
6.172,-63
6.173,-60
6.174,-76
6.175,-83
6.176,-83
6.177,-79
6.178,-70
6.179,-59
6.18,-56
6.181,-36
6.182,-20
6.183,-4
6.184,12
6.185,33
6.186,51
6.187,81
6.188,102
6.189,124
6.19,134
6.191,148
6.192,171
6.193,175
6.194,202
6.195,209
6.196,230
6.197,242
6.198,259
6.199,269
6.2,298
6.201,324
6.202,365
6.203,380
6.204,441
6.205,471
6.206,512
6.207,554
6.208,591
6.209,650
6.21,685
6.211,727
6.212,781
6.213,793
6.214,821
6.215,840
6.216,853
6.217,843
6.218,832
6.219,810
6.22,792
6.221,750
6.222,700
6.223,643
6.224,573
6.225,501
6.226,430
6.227,347
6.228,281
6.229,206
6.23,112
6.231,39
6.232,-18
6.233,-74
6.234,-136
6.235,-192
6.236,-232
6.237,-265
6.238,-293
6.239,-298
6.24,-329
6.241,-335
6.242,-345
6.243,-337
6.244,-337
6.245,-328
6.246,-318
6.247,-324
6.248,-305
6.249,-294
6.25,-282
6.251,-262
6.252,-246
6.253,-244
6.254,-257
6.255,-239
6.256,-227
6.257,-211
6.258,-212
6.259,-210
6.26,-196
6.261,-192
6.262,-183
6.263,-177
6.264,-184
6.265,-170
6.266,-168
6.267,-152
6.268,-141
6.269,-136
6.27,-115
6.271,-125
6.272,-92
6.273,-96
6.274,-93
6.275,-76
6.276,-77
6.277,-71
6.278,-67
6.279,-68
6.28,-68
6.281,-72
6.282,-64
6.283,-71
6.284,-53
6.285,-70
6.286,-63
6.287,-68
6.288,-74
6.289,-80
6.29,-73
6.291,-74
6.292,-79
6.293,-72
6.294,-66
6.295,-65
6.296,-60
6.297,-57
6.298,-57
6.299,-39
6.3,-48
6.301,-20
6.302,-33
6.303,-29
6.304,-24
6.305,-20
6.306,-21
6.307,1
6.308,-12
6.309,-4
6.31,1
6.311,5
6.312,3
6.313,-1
6.314,8
6.315,2
6.316,2
6.317,-12
6.318,2
6.319,5
6.32,0
6.321,-6
6.322,-18
6.323,-14
6.324,-14
6.325,-19
6.326,-14
6.327,-19
6.328,-28
6.329,-21
6.33,-29
6.331,-38
6.332,-24
6.333,-39
6.334,-35
6.335,-29
6.336,-48
6.337,-38
6.338,-43
6.339,-48
6.34,-40
6.341,-43
6.342,-49
6.343,-61
6.344,-36
6.345,-49
6.346,-32
6.347,-28
6.348,-31
6.349,-19
6.35,-6
6.351,8
6.352,15
6.353,34
6.354,42
6.355,50
6.356,58
6.357,81
6.358,84
6.359,91
6.36,102
6.361,101
6.362,104
6.363,97
6.364,90
6.365,91
6.366,74
6.367,83
6.368,62
6.369,69
6.37,46
6.371,38
6.372,28
6.373,24
6.374,38
6.375,13
6.376,31
6.377,37
6.378,31
6.379,39
6.38,48
6.381,51
6.382,56
6.383,67
6.384,76
6.385,87
6.386,88
6.387,91
6.388,93
6.389,86
6.39,74
6.391,76
6.392,59
6.393,79
6.394,64
6.395,60
6.396,56
6.397,42
6.398,43
6.399,42
6.4,33
6.401,42
6.402,62
6.403,61
6.404,62
6.405,75
6.406,84
6.407,90
6.408,88
6.409,95
6.41,105
6.411,115
6.412,109
6.413,114
6.414,120
6.415,122
6.416,128
6.417,126
6.418,126
6.419,123
6.42,128
6.421,117
6.422,113
6.423,115
6.424,99
6.425,108
6.426,83
6.427,92
6.428,91
6.429,85
6.43,71
6.431,81
6.432,75
6.433,80
6.434,69
6.435,69
6.436,87
6.437,95
6.438,86
6.439,96
6.44,100
6.441,114
6.442,110
6.443,112
6.444,139
6.445,129
6.446,151
6.447,160
6.448,162
6.449,153
6.45,153
6.451,157
6.452,146
6.453,161
6.454,163
6.455,158
6.456,154
6.457,148
6.458,141
6.459,132
6.46,132
6.461,126
6.462,126
6.463,126
6.464,119
6.465,118
6.466,108
6.467,110
6.468,115
6.469,121
6.47,127
6.471,126
6.472,126
6.473,142
6.474,155
6.475,158
6.476,165
6.477,169
6.478,175
6.479,177
6.48,183
6.481,176
6.482,189
6.483,200
6.484,183
6.485,197
6.486,193
6.487,186
6.488,175
6.489,186
6.49,169
6.491,171
6.492,157
6.493,163
6.494,144
6.495,133
6.496,114
6.497,112
6.498,107
6.499,93
6.5,97
6.501,84
6.502,84
6.503,64
6.504,50
6.505,52
6.506,51
6.507,43
6.508,44
6.509,41
6.51,43
6.511,50
6.512,54
6.513,66
6.514,68
6.515,73
6.516,72
6.517,76
6.518,78
6.519,75
6.52,78
6.521,63
6.522,71
6.523,51
6.524,43
6.525,40
6.526,19
6.527,10
6.528,-10
6.529,-25
6.53,-40
6.531,-53
6.532,-57
6.533,-70
6.534,-63
6.535,-75
6.536,-83
6.537,-93
6.538,-100
6.539,-102
6.54,-92
6.541,-98
6.542,-99
6.543,-105
6.544,-103
6.545,-106
6.546,-100
6.547,-104
6.548,-108
6.549,-101
6.55,-98
6.551,-99
6.552,-77
6.553,-88
6.554,-94
6.555,-75
6.556,-73
6.557,-73
6.558,-91
6.559,-87
6.56,-91
6.561,-84
6.562,-87
6.563,-95
6.564,-116
6.565,-103
6.566,-109
6.567,-105
6.568,-117
6.569,-113
6.57,-128
6.571,-111
6.572,-117
6.573,-105
6.574,-93
6.575,-87
6.576,-90
6.577,-85
6.578,-87
6.579,-75
6.58,-71
6.581,-71
6.582,-74
6.583,-85
6.584,-93
6.585,-85
6.586,-96
6.587,-104
6.588,-113
6.589,-116
6.59,-108
6.591,-123
6.592,-138
6.593,-144
6.594,-132
6.595,-145
6.596,-147
6.597,-135
6.598,-134
6.599,-130
6.6,-118
6.601,-112
6.602,-117
6.603,-114
6.604,-106
6.605,-92
6.606,-85
6.607,-103
6.608,-76
6.609,-70
6.61,-67
6.611,-73
6.612,-68
6.613,-69
6.614,-70
6.615,-57
6.616,-69
6.617,-46
6.618,-55
6.619,-63
6.62,-58
6.621,-57
6.622,-41
6.623,-47
6.624,-21
6.625,-17
6.626,-15
6.627,-13
6.628,-10
6.629,4
6.63,-1
6.631,-7
6.632,5
6.633,5
6.634,-8
6.635,-18
6.636,-19
6.637,-39
6.638,-44
6.639,-52
6.64,-74
6.641,-72
6.642,-89
6.643,-98
6.644,-112
6.645,-114
6.646,-113
6.647,-109
6.648,-114
6.649,-107
6.65,-95
6.651,-100
6.652,-101
6.653,-76
6.654,-96
6.655,-63
6.656,-57
6.657,-66
6.658,-68
6.659,-56
6.66,-63
6.661,-56
6.662,-66
6.663,-76
6.664,-69
6.665,-60
6.666,-61
6.667,-68
6.668,-71
6.669,-61
6.67,-56
6.671,-49
6.672,-54
6.673,-29
6.674,-45
6.675,-20
6.676,-19
6.677,-3
6.678,3
6.679,1
6.68,13
6.681,2
6.682,-6
6.683,0
6.684,17
6.685,6
6.686,-2
6.687,9
6.688,12
6.689,9
6.69,-2
6.691,-2
6.692,3
6.693,5
6.694,0
6.695,-4
6.696,0
6.697,2
6.698,12
6.699,-4
6.7,-7
6.701,10
6.702,0
6.703,4
6.704,9
6.705,3
6.706,1
6.707,-14
6.708,-2
6.709,-5
6.71,6
6.711,4
6.712,2
6.713,-8
6.714,3
6.715,7
6.716,1
6.717,7
6.718,3
6.719,3
6.72,-7
6.721,6
6.722,-12
6.723,1
6.724,6
6.725,6
6.726,-3
6.727,1
6.728,7
6.729,-2
6.73,3
6.731,5
6.732,18
6.733,10
6.734,4
6.735,8
6.736,-3
6.737,-3
6.738,3
6.739,1
6.74,-1
6.741,-2
6.742,6
6.743,9
6.744,4
6.745,10
6.746,-3
6.747,3
6.748,5
6.749,7
6.75,3
6.751,-7
6.752,10
6.753,0
6.754,7
6.755,8
6.756,10
6.757,16
6.758,11
6.759,0
6.76,10
6.761,-5
6.762,1
6.763,0
6.764,1
6.765,19
6.766,1
6.767,10
6.768,1
6.769,-1
6.77,8
6.771,13
6.772,0
6.773,1
6.774,5
6.775,4
6.776,2
6.777,19
6.778,2
6.779,6
6.78,6
6.781,2
6.782,8
6.783,22
6.784,10
6.785,12
6.786,9
6.787,2
6.788,16
6.789,10
6.79,6
6.791,12
6.792,16
6.793,-1
6.794,6
6.795,7
6.796,9
6.797,7
6.798,5
6.799,21
6.8,14
6.801,18
6.802,8
6.803,8
6.804,4
6.805,11
6.806,13
6.807,17
6.808,11
6.809,4
6.81,13
6.811,9
6.812,9
6.813,7
6.814,9
6.815,8
6.816,16
6.817,9
6.818,13
6.819,6
6.82,12
6.821,14
6.822,15
6.823,4
6.824,16
6.825,5
6.826,8
6.827,6
6.828,11
6.829,8
6.83,12
6.831,11
6.832,6
6.833,12
6.834,12
6.835,13
6.836,10
6.837,14
6.838,16
6.839,13
6.84,11
6.841,19
6.842,25
6.843,13
6.844,0
6.845,21
6.846,4
6.847,12
6.848,7
6.849,25
6.85,11
6.851,9
6.852,19
6.853,12
6.854,11
6.855,19
6.856,18
6.857,21
6.858,18
6.859,2
6.86,17
6.861,14
6.862,19
6.863,19
6.864,16
6.865,8
6.866,10
6.867,1
6.868,2
6.869,13
6.87,21
6.871,13
6.872,13
6.873,14
6.874,17
6.875,8
6.876,22
6.877,19
6.878,15
6.879,11
6.88,20
6.881,12
6.882,18
6.883,25
6.884,23
6.885,24
6.886,16
6.887,27
6.888,25
6.889,16
6.89,10
6.891,23
6.892,5
6.893,10
6.894,-1
6.895,16
6.896,19
6.897,18
6.898,8
6.899,11
6.9,20
6.901,16
6.902,26
6.903,13
6.904,16
6.905,13
6.906,12
6.907,30
6.908,33
6.909,14
6.91,22
6.911,18
6.912,17
6.913,11
6.914,14
6.915,14
6.916,15
6.917,16
6.918,16
6.919,24
6.92,24
6.921,32
6.922,12
6.923,10
6.924,16
6.925,35
6.926,22
6.927,28
6.928,26
6.929,29
6.93,22
6.931,41
6.932,34
6.933,49
6.934,46
6.935,46
6.936,47
6.937,53
6.938,56
6.939,53
6.94,71
6.941,65
6.942,69
6.943,77
6.944,72
6.945,73
6.946,82
6.947,75
6.948,81
6.949,91
6.95,99
6.951,91
6.952,102
6.953,98
6.954,100
6.955,108
6.956,101
6.957,109
6.958,114
6.959,116
6.96,119
6.961,112
6.962,117
6.963,126
6.964,128
6.965,111
6.966,135
6.967,119
6.968,137
6.969,127
6.97,129
6.971,129
6.972,120
6.973,143
6.974,123
6.975,132
6.976,125
6.977,131
6.978,128
6.979,127
6.98,123
6.981,127
6.982,127
6.983,133
6.984,130
6.985,116
6.986,122
6.987,124
6.988,125
6.989,111
6.99,102
6.991,127
6.992,107
6.993,116
6.994,103
6.995,119
6.996,99
6.997,100
6.998,101
6.999,89
7.0,97
7.001,98
7.002,78
7.003,84
7.004,84
7.005,87
7.006,82
7.007,83
7.008,77
7.009,73
7.01,70
7.011,66
7.012,67
7.013,49
7.014,52
7.015,40
7.016,51
7.017,51
7.018,44
7.019,45
7.02,36
7.021,35
7.022,36
7.023,20
7.024,50
7.025,23
7.026,14
7.027,20
7.028,24
7.029,10
7.03,15
7.031,17
7.032,15
7.033,19
7.034,23
7.035,21
7.036,12
7.037,10
7.038,15
7.039,20
7.04,17
7.041,21
7.042,22
7.043,11
7.044,20
7.045,17
7.046,12
7.047,20
7.048,24
7.049,14
7.05,24
7.051,18
7.052,16
7.053,23
7.054,20
7.055,27
7.056,27
7.057,22
7.058,29
7.059,25
7.06,26
7.061,23
7.062,18
7.063,17
7.064,20
7.065,24
7.066,21
7.067,22
7.068,21
7.069,12
7.07,30
7.071,18
7.072,12
7.073,12
7.074,22
7.075,27
7.076,25
7.077,20
7.078,34
7.079,26
7.08,29
7.081,26
7.082,22
7.083,14
7.084,24
7.085,20
7.086,27
7.087,21
7.088,13
7.089,16
7.09,30
7.091,33
7.092,25
7.093,26
7.094,27
7.095,27
7.096,23
7.097,28
7.098,20
7.099,33
7.1,17
7.101,30
7.102,30
7.103,23
7.104,28
7.105,19
7.106,23
7.107,22
7.108,20
7.109,33
7.11,33
7.111,30
7.112,25
7.113,30
7.114,36
7.115,33
7.116,48
7.117,24
7.118,31
7.119,36
7.12,31
7.121,40
7.122,24
7.123,24
7.124,19
7.125,17
7.126,4
7.127,0
7.128,2
7.129,-16
7.13,-34
7.131,-30
7.132,-33
7.133,-54
7.134,-72
7.135,-81
7.136,-95
7.137,-99
7.138,-101
7.139,-108
7.14,-105
7.141,-111
7.142,-104
7.143,-113
7.144,-102
7.145,-100
7.146,-80
7.147,-73
7.148,-53
7.149,-44
7.15,-12
7.151,11
7.152,30
7.153,63
7.154,100
7.155,128
7.156,181
7.157,202
7.158,258
7.159,288
7.16,340
7.161,363
7.162,414
7.163,455
7.164,504
7.165,545
7.166,580
7.167,619
7.168,650
7.169,692
7.17,694
7.171,743
7.172,747
7.173,762
7.174,775
7.175,790
7.176,797
7.177,798
7.178,787
7.179,766
7.18,753
7.181,739
7.182,707
7.183,683
7.184,644
7.185,620
7.186,593
7.187,544
7.188,503
7.189,470
7.19,427
7.191,382
7.192,343
7.193,323
7.194,274
7.195,229
7.196,204
7.197,170
7.198,139
7.199,112
7.2,77
7.201,52
7.202,36
7.203,19
7.204,-14
7.205,-10
7.206,-35
7.207,-43
7.208,-49
7.209,-53
7.21,-56
7.211,-62
7.212,-66
7.213,-64
7.214,-72
7.215,-58
7.216,-67
7.217,-56
7.218,-43
7.219,-39
7.22,-41
7.221,-25
7.222,-24
7.223,-26
7.224,-14
7.225,-4
7.226,0
7.227,7
7.228,0
7.229,23
7.23,25
7.231,15
7.232,18
7.233,16
7.234,22
7.235,27
7.236,17
7.237,24
7.238,16
7.239,20
7.24,20
7.241,15
7.242,21
7.243,31
7.244,36
7.245,21
7.246,28
7.247,9
7.248,14
7.249,21
7.25,8
7.251,20
7.252,16
7.253,21
7.254,14
7.255,13
7.256,22
7.257,12
7.258,9
7.259,19
7.26,16
7.261,19
7.262,25
7.263,10
7.264,12
7.265,27
7.266,27
7.267,22
7.268,19
7.269,27
7.27,10
7.271,22
7.272,6
7.273,1
7.274,20
7.275,22
7.276,16
7.277,24
7.278,10
7.279,25
7.28,3
7.281,15
7.282,14
7.283,12
7.284,21
7.285,13
7.286,25
7.287,19
7.288,14
7.289,21
7.29,10
7.291,20
7.292,24
7.293,14
7.294,24
7.295,11
7.296,18
7.297,22
7.298,21
7.299,25
7.3,24
7.301,27
7.302,12
7.303,28
7.304,23
7.305,19
7.306,19
7.307,15
7.308,13
7.309,17
7.31,28
7.311,20
7.312,25
7.313,24
7.314,24
7.315,24
7.316,20
7.317,17
7.318,16
7.319,14
7.32,16
7.321,20
7.322,29
7.323,16
7.324,29
7.325,19
7.326,29
7.327,23
7.328,27
7.329,21
7.33,20
7.331,11
7.332,26
7.333,22
7.334,29
7.335,25
7.336,24
7.337,27
7.338,25
7.339,21
7.34,13
7.341,20
7.342,23
7.343,27
7.344,32
7.345,25
7.346,18
7.347,15
7.348,8
7.349,15
7.35,21
7.351,19
7.352,16
7.353,26
7.354,14
7.355,14
7.356,27
7.357,20
7.358,26
7.359,27
7.36,24
7.361,23
7.362,17
7.363,22
7.364,21
7.365,26
7.366,14
7.367,18
7.368,20
7.369,16
7.37,22
7.371,14
7.372,22
7.373,23
7.374,32
7.375,26
7.376,42
7.377,24
7.378,25
7.379,28
7.38,13
7.381,28
7.382,44
7.383,26
7.384,35
7.385,39
7.386,41
7.387,52
7.388,42
7.389,50
7.39,59
7.391,64
7.392,64
7.393,59
7.394,65
7.395,78
7.396,69
7.397,82
7.398,82
7.399,70
7.4,92
7.401,83
7.402,81
7.403,91
7.404,103
7.405,97
7.406,99
7.407,108
7.408,108
7.409,119
7.41,124
7.411,121
7.412,123
7.413,126
7.414,134
7.415,144
7.416,140
7.417,142
7.418,130
7.419,151
7.42,144
7.421,160
7.422,152
7.423,166
7.424,153
7.425,171
7.426,172
7.427,165
7.428,173
7.429,176
7.43,168
7.431,180
7.432,178
7.433,194
7.434,190
7.435,189
7.436,184
7.437,184
7.438,210
7.439,188
7.44,207
7.441,217
7.442,212
7.443,222
7.444,222
7.445,209
7.446,223
7.447,218
7.448,207
7.449,220
7.45,229
7.451,219
7.452,232
7.453,234
7.454,235
7.455,241
7.456,247
7.457,237
7.458,239
7.459,235
7.46,245
7.461,247
7.462,262
7.463,240
7.464,254
7.465,259
7.466,260
7.467,256
7.468,252
7.469,258
7.47,258
7.471,259
7.472,273
7.473,257
7.474,258
7.475,260
7.476,246
7.477,261
7.478,261
7.479,260
7.48,260
7.481,249
7.482,266
7.483,257
7.484,261
7.485,259
7.486,250
7.487,251
7.488,265
7.489,264
7.49,257
7.491,250
7.492,250
7.493,243
7.494,249
7.495,246
7.496,259
7.497,252
7.498,239
7.499,240
7.5,240
7.501,247
7.502,250
7.503,234
7.504,235
7.505,230
7.506,230
7.507,237
7.508,231
7.509,227
7.51,239
7.511,238
7.512,233
7.513,224
7.514,221
7.515,209
7.516,221
7.517,212
7.518,207
7.519,203
7.52,208
7.521,196
7.522,197
7.523,203
7.524,196
7.525,199
7.526,195
7.527,190
7.528,179
7.529,166
7.53,171
7.531,169
7.532,188
7.533,163
7.534,169
7.535,168
7.536,162
7.537,159
7.538,153
7.539,148
7.54,145
7.541,145
7.542,143
7.543,140
7.544,135
7.545,122
7.546,126
7.547,123
7.548,118
7.549,130
7.55,115
7.551,118
7.552,95
7.553,114
7.554,90
7.555,99
7.556,91
7.557,99
7.558,89
7.559,79
7.56,82
7.561,84
7.562,67
7.563,63
7.564,65
7.565,62
7.566,62
7.567,47
7.568,51
7.569,50
7.57,55
7.571,40
7.572,52
7.573,40
7.574,32
7.575,29
7.576,26
7.577,14
7.578,20
7.579,27
7.58,17
7.581,12
7.582,16
7.583,16
7.584,10
7.585,10
7.586,4
7.587,4
7.588,11
7.589,7
7.59,-3
7.591,13
7.592,-3
7.593,6
7.594,18
7.595,4
7.596,9
7.597,7
7.598,2
7.599,0
7.6,11
7.601,8
7.602,8
7.603,-2
7.604,6
7.605,9
7.606,5
7.607,17
7.608,7
7.609,17
7.61,15
7.611,14
7.612,25
7.613,12
7.614,7
7.615,5
7.616,5
7.617,19
7.618,13
7.619,11
7.62,9
7.621,0
7.622,17
7.623,3
7.624,10
7.625,12
7.626,-3
7.627,11
7.628,16
7.629,10
7.63,23
7.631,11
7.632,17
7.633,13
7.634,12
7.635,14
7.636,11
7.637,7
7.638,14
7.639,4
7.64,8
7.641,13
7.642,14
7.643,27
7.644,19
7.645,19
7.646,17
7.647,13
7.648,14
7.649,9
7.65,4
7.651,-3
7.652,1
7.653,-1
7.654,-14
7.655,-13
7.656,12
7.657,16
7.658,10
7.659,17
7.66,22
7.661,38
7.662,64
7.663,58
7.664,62
7.665,79
7.666,79
7.667,91
7.668,86
7.669,91
7.67,93
7.671,93
7.672,89
7.673,85
7.674,80
7.675,69
7.676,74
7.677,62
7.678,74
7.679,75
7.68,68
7.681,74
7.682,67
7.683,77
7.684,59
7.685,47
7.686,37
7.687,30
7.688,20
7.689,3
7.69,-2
7.691,-29
7.692,-39
7.693,-47
7.694,-44
7.695,-52
7.696,-46
7.697,-35
7.698,-42
7.699,-35
7.7,-15
7.701,-2
7.702,10
7.703,17
7.704,41
7.705,48
7.706,43
7.707,57
7.708,47
7.709,53
7.71,57
7.711,42
7.712,51
7.713,28
7.714,35
7.715,33
7.716,34
7.717,30
7.718,28
7.719,34
7.72,21
7.721,32
7.722,22
7.723,36
7.724,37
7.725,23
7.726,23
7.727,31
7.728,27
7.729,30
7.73,24
7.731,29
7.732,28
7.733,36
7.734,33
7.735,41
7.736,42
7.737,60
7.738,60
7.739,76
7.74,82
7.741,87
7.742,83
7.743,81
7.744,75
7.745,73
7.746,74
7.747,54
7.748,39
7.749,41
7.75,24
7.751,3
7.752,10
7.753,-3
7.754,-15
7.755,-11
7.756,-5
7.757,-9
7.758,-6
7.759,0
7.76,-5
7.761,1
7.762,5
7.763,10
7.764,4
7.765,10
7.766,11
7.767,8
7.768,-1
7.769,3
7.77,-1
7.771,5
7.772,-1
7.773,4
7.774,16
7.775,18
7.776,15
7.777,24
7.778,26
7.779,44
7.78,24
7.781,44
7.782,49
7.783,28
7.784,21
7.785,30
7.786,15
7.787,5
7.788,-1
7.789,-20
7.79,-29
7.791,-32
7.792,-39
7.793,-58
7.794,-45
7.795,-40
7.796,-26
7.797,-38
7.798,-16
7.799,-4
7.8,-2
7.801,20
7.802,31
7.803,44
7.804,55
7.805,53
7.806,70
7.807,77
7.808,83
7.809,84
7.81,84
7.811,68
7.812,86
7.813,85
7.814,93
7.815,88
7.816,77
7.817,81
7.818,66
7.819,61
7.82,49
7.821,44
7.822,32
7.823,32
7.824,28
7.825,10
7.826,9
7.827,12
7.828,17
7.829,12
7.83,21
7.831,17
7.832,32
7.833,48
7.834,55
7.835,61
7.836,83
7.837,78
7.838,86
7.839,104
7.84,105
7.841,105
7.842,96
7.843,98
7.844,73
7.845,67
7.846,68
7.847,51
7.848,39
7.849,24
7.85,25
7.851,12
7.852,30
7.853,29
7.854,34
7.855,43
7.856,49
7.857,50
7.858,59
7.859,69
7.86,67
7.861,61
7.862,68
7.863,58
7.864,53
7.865,37
7.866,23
7.867,21
7.868,-9
7.869,-13
7.87,-27
7.871,-26
7.872,-20
7.873,-22
7.874,-28
7.875,-15
7.876,-12
7.877,-2
7.878,20
7.879,24
7.88,36
7.881,44
7.882,55
7.883,46
7.884,58
7.885,39
7.886,62
7.887,59
7.888,56
7.889,38
7.89,41
7.891,21
7.892,30
7.893,30
7.894,23
7.895,27
7.896,21
7.897,29
7.898,19
7.899,25
7.9,31
7.901,36
7.902,48
7.903,48
7.904,34
7.905,61
7.906,61
7.907,64
7.908,58
7.909,74
7.91,68
7.911,95
7.912,95
7.913,98
7.914,109
7.915,114
7.916,120
7.917,125
7.918,142
7.919,136
7.92,138
7.921,144
7.922,140
7.923,136
7.924,128
7.925,128
7.926,130
7.927,123
7.928,106
7.929,110
7.93,106
7.931,101
7.932,98
7.933,95
7.934,109
7.935,108
7.936,109
7.937,92
7.938,104
7.939,112
7.94,107
7.941,93
7.942,81
7.943,83
7.944,74
7.945,65
7.946,55
7.947,55
7.948,45
7.949,28
7.95,31
7.951,36
7.952,30
7.953,49
7.954,46
7.955,36
7.956,60
7.957,54
7.958,69
7.959,68
7.96,70
7.961,81
7.962,85
7.963,72
7.964,77
7.965,75
7.966,59
7.967,54
7.968,45
7.969,39
7.97,34
7.971,30
7.972,26
7.973,30
7.974,16
7.975,-3
7.976,-13
7.977,-1
7.978,-15
7.979,-10
7.98,-19
7.981,-31
7.982,-17
7.983,-16
7.984,-15
7.985,-5
7.986,-10
7.987,-1
7.988,9
7.989,29
7.99,32
7.991,49
7.992,62
7.993,72
7.994,79
7.995,96
7.996,103
7.997,114
7.998,132
7.999,122
8.0,121
8.001,117
8.002,112
8.003,108
8.004,91
8.005,90
8.006,83
8.007,74
8.008,82
8.009,57
8.01,70
8.011,67
8.012,67
8.013,48
8.014,56
8.015,49
8.016,42
8.017,39
8.018,44
8.019,14
8.02,26
8.021,7
8.022,-7
8.023,-14
8.024,-9
8.025,-31
8.026,-35
8.027,-36
8.028,-24
8.029,-27
8.03,-27
8.031,-14
8.032,-17
8.033,-7
8.034,4
8.035,19
8.036,30
8.037,33
8.038,41
8.039,42
8.04,48
8.041,51
8.042,50
8.043,52
8.044,39
8.045,45
8.046,64
8.047,39
8.048,45
8.049,60
8.05,42
8.051,49
8.052,48
8.053,48
8.054,45
8.055,41
8.056,51
8.057,29
8.058,26
8.059,10
8.06,3
8.061,-2
8.062,-17
8.063,-5
8.064,-17
8.065,-15
8.066,-13
8.067,-8
8.068,10
8.069,17
8.07,28
8.071,54
8.072,63
8.073,70
8.074,90
8.075,106
8.076,125
8.077,130
8.078,132
8.079,139
8.08,146
8.081,145
8.082,150
8.083,142
8.084,160
8.085,155
8.086,161
8.087,180
8.088,189
8.089,207
8.09,220
8.091,248
8.092,266
8.093,301
8.094,326
8.095,352
8.096,373
8.097,410
8.098,433
8.099,471
8.1,499
8.101,541
8.102,583
8.103,625
8.104,663
8.105,711
8.106,765
8.107,803
8.108,839
8.109,867
8.11,897
8.111,901
8.112,928
8.113,922
8.114,910
8.115,889
8.116,852
8.117,804
8.118,749
8.119,682
8.12,627
8.121,558
8.122,474
8.123,410
8.124,345
8.125,288
8.126,222
8.127,164
8.128,112
8.129,84
8.13,46
8.131,9
8.132,-3
8.133,-35
8.134,-35
8.135,-68
8.136,-74
8.137,-93
8.138,-101
8.139,-115
8.14,-127
8.141,-129
8.142,-138
8.143,-130
8.144,-133
8.145,-133
8.146,-125
8.147,-114
8.148,-94
8.149,-80
8.15,-57
8.151,-42
8.152,-32
8.153,-28
8.154,7
8.155,22
8.156,22
8.157,39
8.158,41
8.159,42
8.16,61
8.161,72
8.162,67
8.163,85
8.164,69
8.165,81
8.166,86
8.167,80
8.168,73
8.169,81
8.17,71
8.171,80
8.172,82
8.173,63
8.174,53
8.175,46
8.176,33
8.177,29
8.178,4
8.179,2
8.18,-21
8.181,-24
8.182,-35
8.183,-31
8.184,-38
8.185,-32
8.186,-33
8.187,-6
8.188,11
8.189,45
8.19,44
8.191,72
8.192,81
8.193,115
8.194,132
8.195,127
8.196,141
8.197,149
8.198,154
8.199,147
8.2,144
8.201,134
8.202,134
8.203,128
8.204,120
8.205,106
8.206,95
8.207,85
8.208,94
8.209,71
8.21,52
8.211,27
8.212,36
8.213,10
8.214,11
8.215,-7
8.216,-8
8.217,-12
8.218,-22
8.219,-16
8.22,-18
8.221,-27
8.222,-16
8.223,6
8.224,24
8.225,35
8.226,45
8.227,77
8.228,88
8.229,117
8.23,130
8.231,134
8.232,157
8.233,168
8.234,176
8.235,176
8.236,167
8.237,184
8.238,170
8.239,153
8.24,161
8.241,143
8.242,139
8.243,133
8.244,125
8.245,124
8.246,113
8.247,127
8.248,107
8.249,101
8.25,112
8.251,103
8.252,106
8.253,92
8.254,97
8.255,76
8.256,57
8.257,54
8.258,51
8.259,43
8.26,33
8.261,45
8.262,39
8.263,51
8.264,47
8.265,57
8.266,81
8.267,92
8.268,114
8.269,137
8.27,161
8.271,173
8.272,191
8.273,197
8.274,208
8.275,202
8.276,205
8.277,210
8.278,205
8.279,192
8.28,184
8.281,173
8.282,176
8.283,171
8.284,152
8.285,155
8.286,156
8.287,179
8.288,161
8.289,176
8.29,177
8.291,187
8.292,191
8.293,201
8.294,196
8.295,203
8.296,215
8.297,221
8.298,208
8.299,211
8.3,209
8.301,205
8.302,211
8.303,206
8.304,212
8.305,203
8.306,197
8.307,198
8.308,192
8.309,194
8.31,198
8.311,198
8.312,190
8.313,191
8.314,195
8.315,179
8.316,180
8.317,191
8.318,170
8.319,183
8.32,187
8.321,196
8.322,209
8.323,217
8.324,237
8.325,250
8.326,254
8.327,260
8.328,283
8.329,281
8.33,288
8.331,293
8.332,296
8.333,309
8.334,304
8.335,291
8.336,290
8.337,293
8.338,270
8.339,270
8.34,285
8.341,267
8.342,266
8.343,274
8.344,273
8.345,279
8.346,277
8.347,277
8.348,283
8.349,300
8.35,293
8.351,301
8.352,309
8.353,315
8.354,304
8.355,294
8.356,290
8.357,281
8.358,267
8.359,264
8.36,256
8.361,257
8.362,258
8.363,251
8.364,257
8.365,254
8.366,271
8.367,263
8.368,272
8.369,285
8.37,301
8.371,314
8.372,310
8.373,328
8.374,342
8.375,345
8.376,340
8.377,349
8.378,353
8.379,366
8.38,373
8.381,370
8.382,377
8.383,378
8.384,384
8.385,384
8.386,365
8.387,373
8.388,362
8.389,348
8.39,346
8.391,327
8.392,309
8.393,286
8.394,266
8.395,261
8.396,236
8.397,232
8.398,214
8.399,203
8.4,190
8.401,179
8.402,167
8.403,174
8.404,170
8.405,169
8.406,185
8.407,168
8.408,164
8.409,164
8.41,169
8.411,171
8.412,157
8.413,154
8.414,146
8.415,143
8.416,127
8.417,135
8.418,120
8.419,109
8.42,108
8.421,88
8.422,87
8.423,63
8.424,50
8.425,43
8.426,27
8.427,4
8.428,-10
8.429,-20
8.43,-40
8.431,-39
8.432,-49
8.433,-47
8.434,-57
8.435,-67
8.436,-68
8.437,-67
8.438,-61
8.439,-60
8.44,-41
8.441,-35
8.442,-34
8.443,-46
8.444,-38
8.445,-41
8.446,-40
8.447,-43
8.448,-50
8.449,-62
8.45,-69
8.451,-78
8.452,-75
8.453,-68
8.454,-78
8.455,-62
8.456,-64
8.457,-61
8.458,-49
8.459,-37
8.46,-23
8.461,-15
8.462,-14
8.463,-2
8.464,9
8.465,2
8.466,-1
8.467,-2
8.468,-6
8.469,-22
8.47,-23
8.471,-45
8.472,-55
8.473,-77
8.474,-92
8.475,-100
8.476,-90
8.477,-112
8.478,-122
8.479,-125
8.48,-124
8.481,-116
8.482,-105
8.483,-99
8.484,-89
8.485,-74
8.486,-65
8.487,-59
8.488,-53
8.489,-41
8.49,-42
8.491,-31
8.492,-35
8.493,-28
8.494,-47
8.495,-35
8.496,-48
8.497,-31
8.498,-33
8.499,-39
8.5,-26
8.501,-33
8.502,-33
8.503,-45
8.504,-28
8.505,-40
8.506,-36
8.507,-54
8.508,-59
8.509,-70
8.51,-81
8.511,-94
8.512,-97
8.513,-102
8.514,-125
8.515,-131
8.516,-134
8.517,-147
8.518,-160
8.519,-152
8.52,-163
8.521,-145
8.522,-142
8.523,-134
8.524,-131
8.525,-118
8.526,-104
8.527,-90
8.528,-89
8.529,-64
8.53,-55
8.531,-61
8.532,-65
8.533,-54
8.534,-45
8.535,-48
8.536,-47
8.537,-47
8.538,-34
8.539,-29
8.54,-25
8.541,-27
8.542,-5
8.543,-7
8.544,16
8.545,12
8.546,20
8.547,14
8.548,8
8.549,19
8.55,6
8.551,6
8.552,10
8.553,-13
8.554,-25
8.555,-43
8.556,-38
8.557,-55
8.558,-48
8.559,-50
8.56,-59
8.561,-56
8.562,-58
8.563,-72
8.564,-70
8.565,-81
8.566,-76
8.567,-90
8.568,-76
8.569,-107
8.57,-97
8.571,-99
8.572,-96
8.573,-106
8.574,-95
8.575,-93
8.576,-74
8.577,-74
8.578,-77
8.579,-66
8.58,-59
8.581,-66
8.582,-47
8.583,-44
8.584,-34
8.585,-29
8.586,-38
8.587,-43
8.588,-33
8.589,-23
8.59,-29
8.591,-22
8.592,-22
8.593,-26
8.594,-24
8.595,-9
8.596,-17
8.597,0
8.598,2
8.599,0
8.6,13
8.601,3
8.602,9
8.603,-7
8.604,10
8.605,-9
8.606,0
8.607,-8
8.608,-19
8.609,-31
8.61,-28
8.611,-30
8.612,-31
8.613,-30
8.614,-24
8.615,-30
8.616,-24
8.617,-23
8.618,-8
8.619,-17
8.62,-21
8.621,-8
8.622,1
8.623,6
8.624,12
8.625,13
8.626,19
8.627,12
8.628,21
8.629,23
8.63,22
8.631,27
8.632,23
8.633,40
8.634,30
8.635,29
8.636,33
8.637,32
8.638,43
8.639,44
8.64,43
8.641,30
8.642,34
8.643,29
8.644,34
8.645,35
8.646,34
8.647,45
8.648,30
8.649,22
8.65,24
8.651,25
8.652,31
8.653,12
8.654,-5
8.655,2
8.656,-3
8.657,-5
8.658,-12
8.659,-36
8.66,-30
8.661,-35
8.662,-35
8.663,-32
8.664,-45
8.665,-52
8.666,-41
8.667,-35
8.668,-30
8.669,-33
8.67,-27
8.671,-27
8.672,-22
8.673,-14
8.674,-20
8.675,-15
8.676,4
8.677,12
8.678,8
8.679,14
8.68,28
8.681,28
8.682,38
8.683,35
8.684,58
8.685,44
8.686,55
8.687,36
8.688,44
8.689,49
8.69,44
8.691,50
8.692,40
8.693,25
8.694,41
8.695,33
8.696,30
8.697,27
8.698,29
8.699,31
8.7,32
8.701,35
8.702,34
8.703,22
8.704,42
8.705,34
8.706,30
8.707,35
8.708,22
8.709,27
8.71,14
8.711,17
8.712,20
8.713,14
8.714,6
8.715,1
8.716,-10
8.717,-6
8.718,-17
8.719,-31
8.72,-38
8.721,-35
8.722,-47
8.723,-49
8.724,-50
8.725,-49
8.726,-56
8.727,-50
8.728,-50
8.729,-48
8.73,-50
8.731,-37
8.732,-36
8.733,-43
8.734,-34
8.735,-34
8.736,-31
8.737,-20
8.738,-23
8.739,-5
8.74,1
8.741,0
8.742,-8
8.743,6
8.744,6
8.745,2
8.746,-4
8.747,5
8.748,-13
8.749,-3
8.75,11
8.751,7
8.752,-7
8.753,7
8.754,16
8.755,11
8.756,9
8.757,12
8.758,9
8.759,16
8.76,10
8.761,16
8.762,25
8.763,19
8.764,23
8.765,33
8.766,33
8.767,39
8.768,32
8.769,19
8.77,29
8.771,14
8.772,14
8.773,7
8.774,6
8.775,-4
8.776,-14
8.777,-19
8.778,-22
8.779,-35
8.78,-42
8.781,-47
8.782,-26
8.783,-35
8.784,-31
8.785,-23
8.786,-20
8.787,-9
8.788,-11
8.789,21
8.79,19
8.791,17
8.792,25
8.793,49
8.794,48
8.795,68
8.796,80
8.797,76
8.798,94
8.799,93
8.8,102
8.801,98
8.802,115
8.803,103
8.804,118
8.805,119
8.806,114
8.807,107
8.808,94
8.809,92
8.81,94
8.811,92
8.812,86
8.813,84
8.814,81
8.815,68
8.816,64
8.817,75
8.818,57
8.819,62
8.82,51
8.821,46
8.822,48
8.823,47
8.824,27
8.825,27
8.826,33
8.827,14
8.828,15
8.829,12
8.83,5
8.831,-3
8.832,-11
8.833,-12
8.834,-23
8.835,-7
8.836,-22
8.837,-13
8.838,-27
8.839,-38
8.84,-33
8.841,-28
8.842,-32
8.843,-22
8.844,-21
8.845,-14
8.846,6
8.847,14
8.848,16
8.849,21
8.85,28
8.851,26
8.852,41
8.853,48
8.854,41
8.855,63
8.856,53
8.857,68
8.858,72
8.859,92
8.86,75
8.861,77
8.862,70
8.863,80
8.864,66
8.865,60
8.866,45
8.867,71
8.868,57
8.869,43
8.87,42
8.871,43
8.872,41
8.873,38
8.874,28
8.875,20
8.876,28
8.877,32
8.878,26
8.879,27
8.88,28
8.881,25
8.882,28
8.883,33
8.884,34
8.885,39
8.886,37
8.887,37
8.888,49
8.889,48
8.89,38
8.891,49
8.892,50
8.893,46
8.894,36
8.895,40
8.896,47
8.897,41
8.898,24
8.899,24
8.9,36
8.901,11
8.902,23
8.903,42
8.904,23
8.905,35
8.906,30
8.907,29
8.908,31
8.909,43
8.91,48
8.911,43
8.912,62
8.913,66
8.914,70
8.915,74
8.916,82
8.917,80
8.918,91
8.919,95
8.92,96
8.921,94
8.922,91
8.923,88
8.924,83
8.925,92
8.926,88
8.927,81
8.928,80
8.929,84
8.93,62
8.931,61
8.932,50
8.933,52
8.934,42
8.935,38
8.936,30
8.937,47
8.938,36
8.939,33
8.94,38
8.941,15
8.942,17
8.943,21
8.944,29
8.945,26
8.946,24
8.947,27
8.948,31
8.949,20
8.95,30
8.951,31
8.952,30
8.953,39
8.954,28
8.955,31
8.956,20
8.957,9
8.958,8
8.959,18
8.96,9
8.961,-6
8.962,0
8.963,-8
8.964,3
8.965,1
8.966,1
8.967,-3
8.968,-20
8.969,-8
8.97,-4
8.971,-3
8.972,0
8.973,8
8.974,-12
8.975,1
8.976,-1
8.977,-2
8.978,-1
8.979,4
8.98,-7
8.981,-22
8.982,-11
8.983,-6
8.984,-5
8.985,-15
8.986,-21
8.987,-36
8.988,-23
8.989,-33
8.99,-33
8.991,-28
8.992,-44
8.993,-56
8.994,-36
8.995,-57
8.996,-43
8.997,-44
8.998,-28
8.999,-43
9.0,-32
9.001,-28
9.002,-19
9.003,-22
9.004,-9
9.005,-16
9.006,5
9.007,-6
9.008,2
9.009,11
9.01,6
9.011,29
9.012,10
9.013,18
9.014,34
9.015,31
9.016,40
9.017,27
9.018,38
9.019,36
9.02,38
9.021,48
9.022,43
9.023,39
9.024,54
9.025,47
9.026,48
9.027,51
9.028,44
9.029,48
9.03,50
9.031,57
9.032,46
9.033,34
9.034,46
9.035,41
9.036,32
9.037,27
9.038,20
9.039,17
9.04,12
9.041,17
9.042,24
9.043,-9
9.044,-9
9.045,-8
9.046,-16
9.047,-15
9.048,-17
9.049,-12
9.05,-20
9.051,-4
9.052,-11
9.053,-5
9.054,-5
9.055,7
9.056,15
9.057,21
9.058,26
9.059,29
9.06,34
9.061,52
9.062,50
9.063,70
9.064,68
9.065,81
9.066,95
9.067,104
9.068,109
9.069,128
9.07,142
9.071,152
9.072,173
9.073,183
9.074,196
9.075,216
9.076,240
9.077,250
9.078,265
9.079,295
9.08,303
9.081,346
9.082,370
9.083,382
9.084,419
9.085,443
9.086,479
9.087,486
9.088,500
9.089,529
9.09,538
9.091,561
9.092,591
9.093,599
9.094,607
9.095,611
9.096,611
9.097,606
9.098,605
9.099,597
9.1,582
9.101,575
9.102,553
9.103,527
9.104,495
9.105,472
9.106,449
9.107,409
9.108,383
9.109,345
9.11,306
9.111,260
9.112,230
9.113,207
9.114,164
9.115,115
9.116,97
9.117,68
9.118,33
9.119,-11
9.12,-43
9.121,-66
9.122,-89
9.123,-117
9.124,-141
9.125,-155
9.126,-183
9.127,-209
9.128,-222
9.129,-240
9.13,-239
9.131,-257
9.132,-276
9.133,-276
9.134,-288
9.135,-293
9.136,-292
9.137,-297
9.138,-293
9.139,-302
9.14,-295
9.141,-290
9.142,-275
9.143,-262
9.144,-261
9.145,-242
9.146,-233
9.147,-217
9.148,-216
9.149,-180
9.15,-164
9.151,-168
9.152,-157
9.153,-128
9.154,-126
9.155,-99
9.156,-107
9.157,-103
9.158,-90
9.159,-81
9.16,-67
9.161,-71
9.162,-67
9.163,-62
9.164,-53
9.165,-52
9.166,-60
9.167,-50
9.168,-46
9.169,-47
9.17,-34
9.171,-35
9.172,-48
9.173,-32
9.174,-23
9.175,-18
9.176,-37
9.177,-34
9.178,-16
9.179,-8
9.18,-7
9.181,2
9.182,4
9.183,6
9.184,17
9.185,26
9.186,10
9.187,17
9.188,20
9.189,13
9.19,18
9.191,5
9.192,13
9.193,13
9.194,18
9.195,-1
9.196,-3
9.197,-8
9.198,-19
9.199,-21
9.2,-15
9.201,-28
9.202,-38
9.203,-28
9.204,-42
9.205,-34
9.206,-48
9.207,-40
9.208,-42
9.209,-50
9.21,-42
9.211,-49
9.212,-43
9.213,-64
9.214,-51
9.215,-45
9.216,-45
9.217,-50
9.218,-44
9.219,-42
9.22,-38
9.221,-37
9.222,-19
9.223,-16
9.224,-15
9.225,-7
9.226,-2
9.227,0
9.228,4
9.229,31
9.23,19
9.231,45
9.232,41
9.233,35
9.234,47
9.235,47
9.236,47
9.237,50
9.238,51
9.239,43
9.24,41
9.241,32
9.242,23
9.243,25
9.244,18
9.245,8
9.246,2
9.247,-7
9.248,-11
9.249,-1
9.25,-29
9.251,-29
9.252,-21
9.253,-26
9.254,-33
9.255,-21
9.256,-25
9.257,-22
9.258,-29
9.259,-29
9.26,-20
9.261,-17
9.262,-8
9.263,-4
9.264,10
9.265,7
9.266,10
9.267,18
9.268,28
9.269,33
9.27,32
9.271,41
9.272,25
9.273,46
9.274,31
9.275,38
9.276,45
9.277,29
9.278,25
9.279,32
9.28,23
9.281,6
9.282,-13
9.283,13
9.284,-15
9.285,-5
9.286,-4
9.287,-22
9.288,-39
9.289,-33
9.29,-44
9.291,-51
9.292,-35
9.293,-38
9.294,-30
9.295,-38
9.296,-30
9.297,-44
9.298,-34
9.299,-33
9.3,-27
9.301,-32
9.302,-40
9.303,-25
9.304,-24
9.305,-36
9.306,-36
9.307,-16
9.308,-24
9.309,-9
9.31,-11
9.311,3
9.312,-9
9.313,4
9.314,10
9.315,22
9.316,3
9.317,8
9.318,11
9.319,25
9.32,22
9.321,38
9.322,43
9.323,46
9.324,66
9.325,72
9.326,71
9.327,78
9.328,86
9.329,88
9.33,91
9.331,97
9.332,91
9.333,96
9.334,98
9.335,91
9.336,93
9.337,91
9.338,86
9.339,64
9.34,73
9.341,56
9.342,50
9.343,49
9.344,33
9.345,34
9.346,31
9.347,27
9.348,28
9.349,28
9.35,20
9.351,17
9.352,18
9.353,25
9.354,26
9.355,39
9.356,30
9.357,39
9.358,35
9.359,48
9.36,45
9.361,56
9.362,66
9.363,54
9.364,64
9.365,60
9.366,64
9.367,74
9.368,60
9.369,73
9.37,78
9.371,71
9.372,65
9.373,67
9.374,76
9.375,69
9.376,73
9.377,68
9.378,67
9.379,66
9.38,68
9.381,70
9.382,86
9.383,73
9.384,77
9.385,76
9.386,69
9.387,94
9.388,82
9.389,79
9.39,75
9.391,78
9.392,83
9.393,93
9.394,79
9.395,85
9.396,83
9.397,82
9.398,76
9.399,73
9.4,67
9.401,64
9.402,81
9.403,71
9.404,80
9.405,69
9.406,72
9.407,71
9.408,72
9.409,58
9.41,62
9.411,69
9.412,65
9.413,64
9.414,79
9.415,68
9.416,74
9.417,64
9.418,85
9.419,59
9.42,74
9.421,72
9.422,71
9.423,67
9.424,69
9.425,65
9.426,65
9.427,46
9.428,59
9.429,63
9.43,66
9.431,47
9.432,48
9.433,50
9.434,43
9.435,46
9.436,49
9.437,46
9.438,46
9.439,42
9.44,52
9.441,46
9.442,45
9.443,47
9.444,42
9.445,46
9.446,35
9.447,46
9.448,40
9.449,49
9.45,54
9.451,47
9.452,50
9.453,56
9.454,43
9.455,46
9.456,50
9.457,48
9.458,38
9.459,42
9.46,40
9.461,29
9.462,27
9.463,26
9.464,26
9.465,31
9.466,22
9.467,25
9.468,30
9.469,17
9.47,35
9.471,26
9.472,27
9.473,46
9.474,51
9.475,44
9.476,52
9.477,58
9.478,64
9.479,60
9.48,68
9.481,62
9.482,65
9.483,75
9.484,77
9.485,74
9.486,73
9.487,72
9.488,81
9.489,69
9.49,68
9.491,73
9.492,65
9.493,58
9.494,70
9.495,66
9.496,59
9.497,56
9.498,62
9.499,76
9.5,64
9.501,59
9.502,69
9.503,64
9.504,75
9.505,69
9.506,76
9.507,83
9.508,74
9.509,77
9.51,92
9.511,85
9.512,75
9.513,78
9.514,75
9.515,70
9.516,64
9.517,56
9.518,47
9.519,53
9.52,48
9.521,36
9.522,26
9.523,31
9.524,34
9.525,28
9.526,17
9.527,24
9.528,22
9.529,15
9.53,15
9.531,13
9.532,32
9.533,24
9.534,15
9.535,30
9.536,25
9.537,32
9.538,35
9.539,10
9.54,16
9.541,28
9.542,17
9.543,17
9.544,16
9.545,12
9.546,9
9.547,4
9.548,-16
9.549,-17
9.55,-9
9.551,-16
9.552,-29
9.553,-46
9.554,-47
9.555,-32
9.556,-44
9.557,-45
9.558,-64
9.559,-56
9.56,-54
9.561,-64
9.562,-52
9.563,-42
9.564,-48
9.565,-43
9.566,-36
9.567,-35
9.568,-27
9.569,-34
9.57,-27
9.571,-16
9.572,-26
9.573,-27
9.574,-21
9.575,-10
9.576,-12
9.577,-9
9.578,-10
9.579,-16
9.58,-15
9.581,-6
9.582,-6
9.583,17
9.584,2
9.585,12
9.586,12
9.587,19
9.588,36
9.589,24
9.59,39
9.591,24
9.592,36
9.593,45
9.594,28
9.595,24
9.596,38
9.597,37
9.598,23
9.599,11
9.6,19
9.601,7
9.602,9
9.603,6
9.604,2
9.605,7
9.606,-1
9.607,-1
9.608,3
9.609,7
9.61,8
9.611,7
9.612,4
9.613,-1
9.614,-2
9.615,5
9.616,-2
9.617,9
9.618,8
9.619,5
9.62,-6
9.621,-4
9.622,-3
9.623,-6
9.624,-4
9.625,-16
9.626,-11
9.627,-20
9.628,-23
9.629,-34
9.63,-32
9.631,-41
9.632,-36
9.633,-46
9.634,-41
9.635,-33
9.636,-28
9.637,-30
9.638,-13
9.639,-30
9.64,-11
9.641,-23
9.642,-1
9.643,-5
9.644,3
9.645,23
9.646,19
9.647,31
9.648,38
9.649,41
9.65,41
9.651,50
9.652,35
9.653,40
9.654,46
9.655,38
9.656,53
9.657,35
9.658,31
9.659,21
9.66,17
9.661,23
9.662,-4
9.663,-10
9.664,3
9.665,-20
9.666,-18
9.667,-22
9.668,-31
9.669,-45
9.67,-27
9.671,-39
9.672,-59
9.673,-43
9.674,-38
9.675,-47
9.676,-56
9.677,-42
9.678,-40
9.679,-47
9.68,-29
9.681,-45
9.682,-33
9.683,-33
9.684,-44
9.685,-31
9.686,-39
9.687,-38
9.688,-46
9.689,-26
9.69,-41
9.691,-34
9.692,-33
9.693,-34
9.694,-35
9.695,-29
9.696,-46
9.697,-39
9.698,-30
9.699,-36
9.7,-31
9.701,-24
9.702,-18
9.703,-5
9.704,-8
9.705,-3
9.706,-10
9.707,-5
9.708,-2
9.709,3
9.71,18
9.711,8
9.712,18
9.713,16
9.714,11
9.715,17
9.716,23
9.717,9
9.718,-2
9.719,18
9.72,7
9.721,11
9.722,3
9.723,11
9.724,21
9.725,9
9.726,26
9.727,16
9.728,7
9.729,14
9.73,8
9.731,15
9.732,13
9.733,21
9.734,21
9.735,30
9.736,10
9.737,32
9.738,27
9.739,23
9.74,16
9.741,12
9.742,-9
9.743,-4
9.744,-3
9.745,-17
9.746,-20
9.747,-32
9.748,-23
9.749,-45
9.75,-53
9.751,-62
9.752,-56
9.753,-80
9.754,-85
9.755,-92
9.756,-101
9.757,-88
9.758,-91
9.759,-97
9.76,-89
9.761,-92
9.762,-82
9.763,-66
9.764,-68
9.765,-52
9.766,-41
9.767,-23
9.768,-6
9.769,-8
9.77,10
9.771,14
9.772,33
9.773,33
9.774,45
9.775,63
9.776,67
9.777,65
9.778,71
9.779,76
9.78,79
9.781,81
9.782,87
9.783,80
9.784,94
9.785,90
9.786,84
9.787,82
9.788,74
9.789,69
9.79,63
9.791,65
9.792,62
9.793,58
9.794,53
9.795,45
9.796,48
9.797,46
9.798,32
9.799,32
9.8,34
9.801,30
9.802,25
9.803,23
9.804,6
9.805,5
9.806,-7
9.807,-17
9.808,-13
9.809,-22
9.81,-37
9.811,-37
9.812,-37
9.813,-36
9.814,-36
9.815,-47
9.816,-43
9.817,-35
9.818,-48
9.819,-45
9.82,-43
9.821,-41
9.822,-40
9.823,-28
9.824,-12
9.825,-19
9.826,-13
9.827,1
9.828,4
9.829,18
9.83,20
9.831,31
9.832,35
9.833,50
9.834,41
9.835,43
9.836,43
9.837,57
9.838,55
9.839,57
9.84,58
9.841,56
9.842,59
9.843,67
9.844,71
9.845,63
9.846,59
9.847,77
9.848,63
9.849,64
9.85,73
9.851,62
9.852,60
9.853,62
9.854,86
9.855,83
9.856,77
9.857,82
9.858,79
9.859,81
9.86,99
9.861,93
9.862,75
9.863,85
9.864,84
9.865,96
9.866,77
9.867,76
9.868,77
9.869,75
9.87,67
9.871,66
9.872,59
9.873,69
9.874,50
9.875,33
9.876,34
9.877,43
9.878,37
9.879,35
9.88,28
9.881,37
9.882,41
9.883,42
9.884,43
9.885,45
9.886,31
9.887,46
9.888,46
9.889,52
9.89,65
9.891,59
9.892,51
9.893,56
9.894,62
9.895,54
9.896,66
9.897,51
9.898,61
9.899,48
9.9,55
9.901,32
9.902,29
9.903,18
9.904,17
9.905,18
9.906,2
9.907,-1
9.908,-11
9.909,-21
9.91,-7
9.911,-15
9.912,-15
9.913,-13
9.914,-5
9.915,-19
9.916,0
9.917,10
9.918,16
9.919,29
9.92,33
9.921,37
9.922,37
9.923,46
9.924,62
9.925,63
9.926,51
9.927,67
9.928,71
9.929,50
9.93,63
9.931,45
9.932,53
9.933,43
9.934,23
9.935,26
9.936,9
9.937,12
9.938,-10
9.939,-23
9.94,-17
9.941,-30
9.942,-29
9.943,-38
9.944,-35
9.945,-42
9.946,-53
9.947,-54
9.948,-49
9.949,-44
9.95,-48
9.951,-35
9.952,-36
9.953,-34
9.954,-21
9.955,-13
9.956,-6
9.957,8
9.958,4
9.959,27
9.96,9
9.961,17
9.962,30
9.963,27
9.964,21
9.965,21
9.966,24
9.967,21
9.968,24
9.969,11
9.97,23
9.971,18
9.972,26
9.973,19
9.974,28
9.975,18
9.976,24
9.977,21
9.978,24
9.979,28
9.98,36
9.981,39
9.982,31
9.983,48
9.984,45
9.985,39
9.986,55
9.987,60
9.988,49
9.989,57
9.99,54
9.991,41
9.992,46
9.993,54
9.994,42
9.995,44
9.996,31
9.997,30
9.998,40
9.999,22
